episode_id,repo,production_family,behavior_id,requirement_basis,responsibility_relation,developer,codex,opencode,comparison_scope
affine__78022b0dbbdc,affine,affine:e222f06e940270bd7d3334d4eeaa0b628b78e546,snapshot_messages,source_confirmed_changed_behavior,cross_boundary,partial,complete,complete,source_confirmed
affine__78022b0dbbdc,affine,affine:e222f06e940270bd7d3334d4eeaa0b628b78e546,snapshot_loading,source_confirmed_changed_behavior,cross_boundary,partial,complete,complete,source_confirmed
affine__78022b0dbbdc,affine,affine:e222f06e940270bd7d3334d4eeaa0b628b78e546,message_tab_identity,source_confirmed_changed_behavior,cross_boundary,partial,missing,missing,source_confirmed
affine__78022b0dbbdc,affine,affine:e222f06e940270bd7d3334d4eeaa0b628b78e546,snapshot_status_error,source_confirmed_changed_behavior,cross_boundary,missing,missing,missing,source_confirmed
affine__78022b0dbbdc,affine,affine:e222f06e940270bd7d3334d4eeaa0b628b78e546,action_endpoint,source_confirmed_changed_behavior,cross_boundary,complete,partial,missing,source_confirmed
affine__78022b0dbbdc,affine,affine:e222f06e940270bd7d3334d4eeaa0b628b78e546,byok_lease_failure,source_confirmed_changed_behavior,cross_boundary,complete,missing,missing,source_confirmed
affine__78022b0dbbdc,affine,affine:e222f06e940270bd7d3334d4eeaa0b628b78e546,action_retry_session,source_confirmed_changed_behavior,cross_boundary,complete,missing,missing,source_confirmed
affine__78022b0dbbdc,affine,affine:e222f06e940270bd7d3334d4eeaa0b628b78e546,action_result_host,source_confirmed_changed_behavior,cross_boundary,complete,missing,missing,source_confirmed
affine__78022b0dbbdc,affine,affine:e222f06e940270bd7d3334d4eeaa0b628b78e546,history_with_messages,source_confirmed_changed_behavior,cross_boundary,complete,missing,missing,source_confirmed
affine__7b8ec4dc34fc,affine,affine:e222f06e940270bd7d3334d4eeaa0b628b78e546,B1,source_confirmed_changed_behavior,local,complete,missing,complete,source_confirmed
affine__7b8ec4dc34fc,affine,affine:e222f06e940270bd7d3334d4eeaa0b628b78e546,B2,source_confirmed_changed_behavior,local,complete,missing,missing,source_confirmed
affine__7b8ec4dc34fc,affine,affine:e222f06e940270bd7d3334d4eeaa0b628b78e546,B3,source_confirmed_changed_behavior,local,missing,missing,complete,source_confirmed
affine__7b8ec4dc34fc,affine,affine:e222f06e940270bd7d3334d4eeaa0b628b78e546,B4,source_confirmed_changed_behavior,local,missing,missing,partial,source_confirmed
affine__85e2c5eb86b2,affine,affine:e9ef3c50c82e6304cd2a332269ad666725169c6d,B1,source_confirmed_changed_behavior,cross_boundary,complete,partial,missing,source_confirmed
affine__e5ef8885a002,affine,affine:0f5778ac894eb97845ce2ad20e695671363cedaf,workspace_subscription_filter,source_confirmed_changed_behavior,cross_boundary,complete,missing,missing,source_confirmed
affine__e5ef8885a002,affine,affine:0f5778ac894eb97845ce2ad20e695671363cedaf,external_event_mapping,source_confirmed_changed_behavior,cross_boundary,partial,missing,missing,source_confirmed
affine__e5ef8885a002,affine,affine:0f5778ac894eb97845ce2ad20e695671363cedaf,external_color,source_confirmed_changed_behavior,cross_boundary,complete,missing,missing,source_confirmed
affine__e5ef8885a002,affine,affine:0f5778ac894eb97845ce2ad20e695671363cedaf,external_fetch_lifecycle,source_confirmed_changed_behavior,cross_boundary,complete,missing,missing,source_confirmed
affine__e5ef8885a002,affine,affine:0f5778ac894eb97845ce2ad20e695671363cedaf,calendar_connect_settings,source_confirmed_changed_behavior,cross_boundary,complete,missing,missing,source_confirmed
affine__e5ef8885a002,affine,affine:0f5778ac894eb97845ce2ad20e695671363cedaf,visible_month_range,source_confirmed_changed_behavior,cross_boundary,missing,complete,missing,source_confirmed
affine__e5ef8885a002,affine,affine:0f5778ac894eb97845ce2ad20e695671363cedaf,range_segmentation,source_confirmed_changed_behavior,cross_boundary,missing,complete,missing,source_confirmed
affine__e5ef8885a002,affine,affine:0f5778ac894eb97845ce2ad20e695671363cedaf,all_day_exclusive_end,source_confirmed_changed_behavior,cross_boundary,missing,complete,missing,source_confirmed
affine__e5ef8885a002,affine,affine:0f5778ac894eb97845ce2ad20e695671363cedaf,row_date_adjustment,source_confirmed_changed_behavior,cross_boundary,missing,missing,missing,source_confirmed
affine__e5ef8885a002,affine,affine:0f5778ac894eb97845ce2ad20e695671363cedaf,external_entries_latest,source_confirmed_changed_behavior,cross_boundary,missing,missing,missing,source_confirmed
affine__e5ef8885a002,affine,affine:0f5778ac894eb97845ce2ad20e695671363cedaf,view_options_navigation,source_confirmed_changed_behavior,cross_boundary,missing,missing,missing,source_confirmed
affine__f09468ce3923,affine,affine:e222f06e940270bd7d3334d4eeaa0b628b78e546,B1,source_confirmed_changed_behavior,local,complete,missing,missing,source_confirmed
affine__f09468ce3923,affine,affine:e222f06e940270bd7d3334d4eeaa0b628b78e546,B2,source_confirmed_changed_behavior,local,complete,missing,missing,source_confirmed
cal.com__e8d5475ff046,cal.com,cal.com:a082cf73a01e121cb4956fafc9f84fabc1adf26a,host_default_eligibility,source_confirmed_changed_behavior,local,partial,partial,missing,source_confirmed
cal.com__e8d5475ff046,cal.com,cal.com:a082cf73a01e121cb4956fafc9f84fabc1adf26a,unavailable_host_default,source_confirmed_changed_behavior,local,complete,partial,missing,source_confirmed
cal.com__e8d5475ff046,cal.com,cal.com:a082cf73a01e121cb4956fafc9f84fabc1adf26a,fallback_location_priority,source_confirmed_changed_behavior,local,partial,complete,missing,source_confirmed
cal.com__e8d5475ff046,cal.com,cal.com:a082cf73a01e121cb4956fafc9f84fabc1adf26a,location_credential_resolution,source_confirmed_changed_behavior,local,complete,partial,missing,source_confirmed
cal.com__e8d5475ff046,cal.com,cal.com:a082cf73a01e121cb4956fafc9f84fabc1adf26a,changed_organizer_delivery,source_confirmed_changed_behavior,cross_boundary,complete,missing,missing,source_confirmed
cal.com__e8d5475ff046,cal.com,cal.com:a082cf73a01e121cb4956fafc9f84fabc1adf26a,unchanged_organizer_credential,source_confirmed_changed_behavior,cross_boundary,missing,missing,missing,source_confirmed
cal.com__e8d5475ff046,cal.com,cal.com:a082cf73a01e121cb4956fafc9f84fabc1adf26a,cal_video_failure_report,source_confirmed_changed_behavior,cross_boundary,complete,missing,missing,source_confirmed
cal.com__fb57dd2b0722,cal.com,cal.com:22663014697b33a5b34bff240bd929d325aaf13b,my_bookings_filter,source_confirmed_changed_behavior,cross_boundary,partial,missing,missing,source_confirmed
cal.com__fb57dd2b0722,cal.com,cal.com:22663014697b33a5b34bff240bd929d325aaf13b,apply_segment_state,source_confirmed_changed_behavior,cross_boundary,partial,missing,missing,source_confirmed
cal.com__fb57dd2b0722,cal.com,cal.com:22663014697b33a5b34bff240bd929d325aaf13b,persist_segment_selection,source_confirmed_changed_behavior,cross_boundary,complete,missing,missing,source_confirmed
cal.com__fb57dd2b0722,cal.com,cal.com:22663014697b33a5b34bff240bd929d325aaf13b,clear_edited_system_segment,source_confirmed_changed_behavior,cross_boundary,partial,missing,missing,source_confirmed
cal.com__fb57dd2b0722,cal.com,cal.com:22663014697b33a5b34bff240bd929d325aaf13b,system_segment_actions,source_confirmed_changed_behavior,cross_boundary,complete,missing,missing,source_confirmed
cal.com__fb57dd2b0722,cal.com,cal.com:22663014697b33a5b34bff240bd929d325aaf13b,user_segment_permissions,source_confirmed_changed_behavior,cross_boundary,missing,missing,missing,source_confirmed
cal.com__fb57dd2b0722,cal.com,cal.com:22663014697b33a5b34bff240bd929d325aaf13b,save_segment_modes,source_confirmed_changed_behavior,cross_boundary,missing,missing,missing,source_confirmed
cal.com__fb57dd2b0722,cal.com,cal.com:22663014697b33a5b34bff240bd929d325aaf13b,invalid_segment_preserve_filters,source_confirmed_changed_behavior,cross_boundary,missing,missing,missing,source_confirmed
cal.com__fb57dd2b0722,cal.com,cal.com:22663014697b33a5b34bff240bd929d325aaf13b,combined_segment_lists,source_confirmed_changed_behavior,cross_boundary,partial,missing,missing,source_confirmed
chatwoot__085847d2ad82,chatwoot,chatwoot:42a244369d4bd9c13de96ca2ac87ec0dd8e599a2,B1,source_confirmed_changed_behavior,local,complete,unknown,unknown,source_confirmed
chatwoot__085847d2ad82,chatwoot,chatwoot:42a244369d4bd9c13de96ca2ac87ec0dd8e599a2,B2,source_confirmed_changed_behavior,local,complete,unknown,unknown,source_confirmed
chatwoot__085847d2ad82,chatwoot,chatwoot:42a244369d4bd9c13de96ca2ac87ec0dd8e599a2,B3,source_confirmed_changed_behavior,local,missing,unknown,unknown,source_confirmed
chatwoot__10c0dac4da6e,chatwoot,chatwoot:42a244369d4bd9c13de96ca2ac87ec0dd8e599a2,B1,source_confirmed_changed_behavior,local,complete,complete,complete,source_confirmed
chatwoot__10c0dac4da6e,chatwoot,chatwoot:42a244369d4bd9c13de96ca2ac87ec0dd8e599a2,B2,source_confirmed_changed_behavior,local,complete,complete,partial,source_confirmed
chatwoot__10c0dac4da6e,chatwoot,chatwoot:42a244369d4bd9c13de96ca2ac87ec0dd8e599a2,B3,source_confirmed_changed_behavior,local,complete,complete,complete,source_confirmed
chatwoot__10c0dac4da6e,chatwoot,chatwoot:42a244369d4bd9c13de96ca2ac87ec0dd8e599a2,B4,source_confirmed_changed_behavior,local,complete,complete,complete,source_confirmed
chatwoot__1f4f8ae24e79,chatwoot,chatwoot:88587b1ccbfc8e957c035598b213ed46d8f6308a,B1,source_confirmed_changed_behavior,local,complete,partial,missing,source_confirmed
chatwoot__1f4f8ae24e79,chatwoot,chatwoot:88587b1ccbfc8e957c035598b213ed46d8f6308a,B2,source_confirmed_changed_behavior,local,complete,partial,missing,source_confirmed
chatwoot__1f4f8ae24e79,chatwoot,chatwoot:88587b1ccbfc8e957c035598b213ed46d8f6308a,B3,source_confirmed_changed_behavior,local,partial,complete,partial,source_confirmed
chatwoot__1f4f8ae24e79,chatwoot,chatwoot:88587b1ccbfc8e957c035598b213ed46d8f6308a,B4,source_confirmed_changed_behavior,local,complete,complete,missing,source_confirmed
chatwoot__d685fab6687f,chatwoot,chatwoot:42a244369d4bd9c13de96ca2ac87ec0dd8e599a2,B1,source_confirmed_changed_behavior,local,complete,complete,complete,source_confirmed
chatwoot__d685fab6687f,chatwoot,chatwoot:42a244369d4bd9c13de96ca2ac87ec0dd8e599a2,B2,source_confirmed_changed_behavior,local,complete,partial,missing,source_confirmed
chatwoot__d685fab6687f,chatwoot,chatwoot:42a244369d4bd9c13de96ca2ac87ec0dd8e599a2,B3,source_confirmed_changed_behavior,local,missing,complete,missing,source_confirmed
chatwoot__ea482c18673e,chatwoot,chatwoot:89da4a2292386b5a8bc9680752ba9df0a14ddc1d,B1,source_confirmed_changed_behavior,local,complete,complete,partial,source_confirmed
chatwoot__ea482c18673e,chatwoot,chatwoot:89da4a2292386b5a8bc9680752ba9df0a14ddc1d,B2,source_confirmed_changed_behavior,local,partial,missing,complete,source_confirmed
chatwoot__ea482c18673e,chatwoot,chatwoot:89da4a2292386b5a8bc9680752ba9df0a14ddc1d,B3,source_confirmed_changed_behavior,local,partial,missing,complete,source_confirmed
chatwoot__f13c4f53baae,chatwoot,chatwoot:6e46be36c82d1321313451efb41c21fbbce57a59,B1,source_confirmed_changed_behavior,cross_boundary,complete,complete,complete,source_confirmed
chatwoot__f4e41c76efda,chatwoot,chatwoot:939471cb3bf8c74603f6a331e8a95c280568fc64,B1,source_confirmed_changed_behavior,local,complete,complete,complete,source_confirmed
chatwoot__fd10754bdb7c,chatwoot,chatwoot:6e46be36c82d1321313451efb41c21fbbce57a59,B1,source_confirmed_changed_behavior,cross_boundary,complete,complete,complete,source_confirmed
documenso__306a5155bd12,documenso,documenso:c4754553c99fe7be85e7613683c8afb994f35efd,query_request_bounds,source_confirmed_changed_behavior,cross_boundary,missing,missing,missing,source_confirmed
documenso__306a5155bd12,documenso,documenso:c4754553c99fe7be85e7613683c8afb994f35efd,document_search_scope,source_confirmed_changed_behavior,cross_boundary,complete,missing,missing,source_confirmed
documenso__306a5155bd12,documenso,documenso:c4754553c99fe7be85e7613683c8afb994f35efd,document_role_visibility,source_confirmed_changed_behavior,cross_boundary,partial,missing,missing,source_confirmed
documenso__306a5155bd12,documenso,documenso:c4754553c99fe7be85e7613683c8afb994f35efd,template_search_scope,source_confirmed_changed_behavior,cross_boundary,complete,partial,partial,source_confirmed
documenso__306a5155bd12,documenso,documenso:c4754553c99fe7be85e7613683c8afb994f35efd,template_role_visibility,source_confirmed_changed_behavior,cross_boundary,partial,missing,missing,source_confirmed
documenso__306a5155bd12,documenso,documenso:c4754553c99fe7be85e7613683c8afb994f35efd,template_authentication,source_confirmed_changed_behavior,cross_boundary,complete,missing,missing,source_confirmed
documenso__306a5155bd12,documenso,documenso:c4754553c99fe7be85e7613683c8afb994f35efd,search_postfilter_limit,source_confirmed_changed_behavior,cross_boundary,missing,missing,missing,source_confirmed
documenso__306a5155bd12,documenso,documenso:c4754553c99fe7be85e7613683c8afb994f35efd,menu_template_results,source_confirmed_changed_behavior,cross_boundary,missing,complete,complete,source_confirmed
documenso__306a5155bd12,documenso,documenso:c4754553c99fe7be85e7613683c8afb994f35efd,menu_query_gating,source_confirmed_changed_behavior,cross_boundary,missing,missing,missing,source_confirmed
documenso__306a5155bd12,documenso,documenso:c4754553c99fe7be85e7613683c8afb994f35efd,menu_fetching_groups,source_confirmed_changed_behavior,cross_boundary,missing,missing,missing,source_confirmed
formbricks__9fddd4dd44da,formbricks,formbricks:ca67c4d5a89b24cfcac8cf17f7e0d20ae07aac16,workspace_navigation,source_confirmed_changed_behavior,cross_boundary,partial,missing,missing,source_confirmed
formbricks__9fddd4dd44da,formbricks,formbricks:ca67c4d5a89b24cfcac8cf17f7e0d20ae07aac16,workspace_onboarding,source_confirmed_changed_behavior,cross_boundary,partial,missing,missing,source_confirmed
formbricks__9fddd4dd44da,formbricks,formbricks:ca67c4d5a89b24cfcac8cf17f7e0d20ae07aac16,workspace_settings_copy,source_confirmed_changed_behavior,cross_boundary,partial,missing,partial,source_confirmed
formbricks__9fddd4dd44da,formbricks,formbricks:ca67c4d5a89b24cfcac8cf17f7e0d20ae07aac16,workspace_duplicate_error,source_confirmed_changed_behavior,cross_boundary,missing,missing,complete,source_confirmed
grafana__5bee1295a0bd,grafana,grafana:937563f9cd4a85091b1e2795ba5c8a2377cebc40,B1,source_confirmed_changed_behavior,local,complete,missing,complete,source_confirmed
grafana__5bee1295a0bd,grafana,grafana:937563f9cd4a85091b1e2795ba5c8a2377cebc40,B2,source_confirmed_changed_behavior,local,complete,missing,complete,source_confirmed
grafana__b71de9305549,grafana,grafana:937563f9cd4a85091b1e2795ba5c8a2377cebc40,B1,source_confirmed_changed_behavior,local,complete,complete,complete,source_confirmed
grafana__b71de9305549,grafana,grafana:937563f9cd4a85091b1e2795ba5c8a2377cebc40,B2,source_confirmed_changed_behavior,local,complete,partial,partial,source_confirmed
grafana__c1dcf4965a3a,grafana,"grafana:2aee1d22d145115ba8ea4ed50db4a0f03de5e2dd,79b1d04726caf0824160ade861ac4ebae76175cf,6c141137aa9fbe9c3e6ba22dd966e8f47002eaf9,b47cd65351b71e887e82b36dbb6af0a584f6d6b7,9bec6df9a13a64ede9c628abe25344900d998cd2,eda920b8f54cb58253faea964405db30e8be5f3b,5cfae62226db7fc4ff1d054f3343539445a4ba6c,313ef7952b880e271ddb8c90b23d02d0cd31f358,26291ea7e3344928063b65ad0a5c8f050a023715,95461634b304e3b75c58e304e2bf92196c8ad460,9a6a35f92929554dea30f3ec04d29e1d0e7397c8,aecfb299c7c8cd58a2e34e86eba44fce5f5f1e1f",legacy_preview_policy,source_confirmed_changed_behavior,cross_boundary,missing,missing,missing,source_confirmed
grafana__c1dcf4965a3a,grafana,"grafana:2aee1d22d145115ba8ea4ed50db4a0f03de5e2dd,79b1d04726caf0824160ade861ac4ebae76175cf,6c141137aa9fbe9c3e6ba22dd966e8f47002eaf9,b47cd65351b71e887e82b36dbb6af0a584f6d6b7,9bec6df9a13a64ede9c628abe25344900d998cd2,eda920b8f54cb58253faea964405db30e8be5f3b,5cfae62226db7fc4ff1d054f3343539445a4ba6c,313ef7952b880e271ddb8c90b23d02d0cd31f358,26291ea7e3344928063b65ad0a5c8f050a023715,95461634b304e3b75c58e304e2bf92196c8ad460,9a6a35f92929554dea30f3ec04d29e1d0e7397c8,aecfb299c7c8cd58a2e34e86eba44fce5f5f1e1f",hide_internal_routing_label,source_confirmed_changed_behavior,cross_boundary,missing,complete,complete,source_confirmed
grafana__c1dcf4965a3a,grafana,"grafana:2aee1d22d145115ba8ea4ed50db4a0f03de5e2dd,79b1d04726caf0824160ade861ac4ebae76175cf,6c141137aa9fbe9c3e6ba22dd966e8f47002eaf9,b47cd65351b71e887e82b36dbb6af0a584f6d6b7,9bec6df9a13a64ede9c628abe25344900d998cd2,eda920b8f54cb58253faea964405db30e8be5f3b,5cfae62226db7fc4ff1d054f3343539445a4ba6c,313ef7952b880e271ddb8c90b23d02d0cd31f358,26291ea7e3344928063b65ad0a5c8f050a023715,95461634b304e3b75c58e304e2bf92196c8ad460,9a6a35f92929554dea30f3ec04d29e1d0e7397c8,aecfb299c7c8cd58a2e34e86eba44fce5f5f1e1f",preview_tooltip_disabled_only,source_confirmed_changed_behavior,cross_boundary,missing,missing,missing,source_confirmed
grafana__c1dcf4965a3a,grafana,"grafana:2aee1d22d145115ba8ea4ed50db4a0f03de5e2dd,79b1d04726caf0824160ade861ac4ebae76175cf,6c141137aa9fbe9c3e6ba22dd966e8f47002eaf9,b47cd65351b71e887e82b36dbb6af0a584f6d6b7,9bec6df9a13a64ede9c628abe25344900d998cd2,eda920b8f54cb58253faea964405db30e8be5f3b,5cfae62226db7fc4ff1d054f3343539445a4ba6c,313ef7952b880e271ddb8c90b23d02d0cd31f358,26291ea7e3344928063b65ad0a5c8f050a023715,95461634b304e3b75c58e304e2bf92196c8ad460,9a6a35f92929554dea30f3ec04d29e1d0e7397c8,aecfb299c7c8cd58a2e34e86eba44fce5f5f1e1f",dashboard_deferred_panels,source_confirmed_changed_behavior,cross_boundary,complete,missing,missing,source_confirmed
grafana__c1dcf4965a3a,grafana,"grafana:2aee1d22d145115ba8ea4ed50db4a0f03de5e2dd,79b1d04726caf0824160ade861ac4ebae76175cf,6c141137aa9fbe9c3e6ba22dd966e8f47002eaf9,b47cd65351b71e887e82b36dbb6af0a584f6d6b7,9bec6df9a13a64ede9c628abe25344900d998cd2,eda920b8f54cb58253faea964405db30e8be5f3b,5cfae62226db7fc4ff1d054f3343539445a4ba6c,313ef7952b880e271ddb8c90b23d02d0cd31f358,26291ea7e3344928063b65ad0a5c8f050a023715,95461634b304e3b75c58e304e2bf92196c8ad460,9a6a35f92929554dea30f3ec04d29e1d0e7397c8,aecfb299c7c8cd58a2e34e86eba44fce5f5f1e1f",log_export_all_fields,source_confirmed_changed_behavior,cross_boundary,missing,missing,missing,source_confirmed
grafana__c1dcf4965a3a,grafana,"grafana:2aee1d22d145115ba8ea4ed50db4a0f03de5e2dd,79b1d04726caf0824160ade861ac4ebae76175cf,6c141137aa9fbe9c3e6ba22dd966e8f47002eaf9,b47cd65351b71e887e82b36dbb6af0a584f6d6b7,9bec6df9a13a64ede9c628abe25344900d998cd2,eda920b8f54cb58253faea964405db30e8be5f3b,5cfae62226db7fc4ff1d054f3343539445a4ba6c,313ef7952b880e271ddb8c90b23d02d0cd31f358,26291ea7e3344928063b65ad0a5c8f050a023715,95461634b304e3b75c58e304e2bf92196c8ad460,9a6a35f92929554dea30f3ec04d29e1d0e7397c8,aecfb299c7c8cd58a2e34e86eba44fce5f5f1e1f",log_export_lossless_numbers,source_confirmed_changed_behavior,cross_boundary,missing,missing,missing,source_confirmed
grafana__c1dcf4965a3a,grafana,"grafana:2aee1d22d145115ba8ea4ed50db4a0f03de5e2dd,79b1d04726caf0824160ade861ac4ebae76175cf,6c141137aa9fbe9c3e6ba22dd966e8f47002eaf9,b47cd65351b71e887e82b36dbb6af0a584f6d6b7,9bec6df9a13a64ede9c628abe25344900d998cd2,eda920b8f54cb58253faea964405db30e8be5f3b,5cfae62226db7fc4ff1d054f3343539445a4ba6c,313ef7952b880e271ddb8c90b23d02d0cd31f358,26291ea7e3344928063b65ad0a5c8f050a023715,95461634b304e3b75c58e304e2bf92196c8ad460,9a6a35f92929554dea30f3ec04d29e1d0e7397c8,aecfb299c7c8cd58a2e34e86eba44fce5f5f1e1f",log_missing_id_ns_values,source_confirmed_changed_behavior,cross_boundary,complete,missing,missing,source_confirmed
grafana__c1dcf4965a3a,grafana,"grafana:2aee1d22d145115ba8ea4ed50db4a0f03de5e2dd,79b1d04726caf0824160ade861ac4ebae76175cf,6c141137aa9fbe9c3e6ba22dd966e8f47002eaf9,b47cd65351b71e887e82b36dbb6af0a584f6d6b7,9bec6df9a13a64ede9c628abe25344900d998cd2,eda920b8f54cb58253faea964405db30e8be5f3b,5cfae62226db7fc4ff1d054f3343539445a4ba6c,313ef7952b880e271ddb8c90b23d02d0cd31f358,26291ea7e3344928063b65ad0a5c8f050a023715,95461634b304e3b75c58e304e2bf92196c8ad460,9a6a35f92929554dea30f3ec04d29e1d0e7397c8,aecfb299c7c8cd58a2e34e86eba44fce5f5f1e1f",log_level_inference_gate,source_confirmed_changed_behavior,cross_boundary,partial,missing,missing,source_confirmed
grafana__c1dcf4965a3a,grafana,"grafana:2aee1d22d145115ba8ea4ed50db4a0f03de5e2dd,79b1d04726caf0824160ade861ac4ebae76175cf,6c141137aa9fbe9c3e6ba22dd966e8f47002eaf9,b47cd65351b71e887e82b36dbb6af0a584f6d6b7,9bec6df9a13a64ede9c628abe25344900d998cd2,eda920b8f54cb58253faea964405db30e8be5f3b,5cfae62226db7fc4ff1d054f3343539445a4ba6c,313ef7952b880e271ddb8c90b23d02d0cd31f358,26291ea7e3344928063b65ad0a5c8f050a023715,95461634b304e3b75c58e304e2bf92196c8ad460,9a6a35f92929554dea30f3ec04d29e1d0e7397c8,aecfb299c7c8cd58a2e34e86eba44fce5f5f1e1f",plugin_update_failure_hint,source_confirmed_changed_behavior,cross_boundary,missing,missing,missing,source_confirmed
grafana__c1dcf4965a3a,grafana,"grafana:2aee1d22d145115ba8ea4ed50db4a0f03de5e2dd,79b1d04726caf0824160ade861ac4ebae76175cf,6c141137aa9fbe9c3e6ba22dd966e8f47002eaf9,b47cd65351b71e887e82b36dbb6af0a584f6d6b7,9bec6df9a13a64ede9c628abe25344900d998cd2,eda920b8f54cb58253faea964405db30e8be5f3b,5cfae62226db7fc4ff1d054f3343539445a4ba6c,313ef7952b880e271ddb8c90b23d02d0cd31f358,26291ea7e3344928063b65ad0a5c8f050a023715,95461634b304e3b75c58e304e2bf92196c8ad460,9a6a35f92929554dea30f3ec04d29e1d0e7397c8,aecfb299c7c8cd58a2e34e86eba44fce5f5f1e1f",scope_url_default_path,source_confirmed_changed_behavior,cross_boundary,complete,missing,missing,source_confirmed
grafana__c1dcf4965a3a,grafana,"grafana:2aee1d22d145115ba8ea4ed50db4a0f03de5e2dd,79b1d04726caf0824160ade861ac4ebae76175cf,6c141137aa9fbe9c3e6ba22dd966e8f47002eaf9,b47cd65351b71e887e82b36dbb6af0a584f6d6b7,9bec6df9a13a64ede9c628abe25344900d998cd2,eda920b8f54cb58253faea964405db30e8be5f3b,5cfae62226db7fc4ff1d054f3343539445a4ba6c,313ef7952b880e271ddb8c90b23d02d0cd31f358,26291ea7e3344928063b65ad0a5c8f050a023715,95461634b304e3b75c58e304e2bf92196c8ad460,9a6a35f92929554dea30f3ec04d29e1d0e7397c8,aecfb299c7c8cd58a2e34e86eba44fce5f5f1e1f",scope_url_wait_metadata,source_confirmed_changed_behavior,cross_boundary,complete,missing,missing,source_confirmed
grafana__c1dcf4965a3a,grafana,"grafana:2aee1d22d145115ba8ea4ed50db4a0f03de5e2dd,79b1d04726caf0824160ade861ac4ebae76175cf,6c141137aa9fbe9c3e6ba22dd966e8f47002eaf9,b47cd65351b71e887e82b36dbb6af0a584f6d6b7,9bec6df9a13a64ede9c628abe25344900d998cd2,eda920b8f54cb58253faea964405db30e8be5f3b,5cfae62226db7fc4ff1d054f3343539445a4ba6c,313ef7952b880e271ddb8c90b23d02d0cd31f358,26291ea7e3344928063b65ad0a5c8f050a023715,95461634b304e3b75c58e304e2bf92196c8ad460,9a6a35f92929554dea30f3ec04d29e1d0e7397c8,aecfb299c7c8cd58a2e34e86eba44fce5f5f1e1f",scopes_first_remove_all,source_confirmed_changed_behavior,cross_boundary,partial,missing,missing,source_confirmed
grafana__c1dcf4965a3a,grafana,"grafana:2aee1d22d145115ba8ea4ed50db4a0f03de5e2dd,79b1d04726caf0824160ade861ac4ebae76175cf,6c141137aa9fbe9c3e6ba22dd966e8f47002eaf9,b47cd65351b71e887e82b36dbb6af0a584f6d6b7,9bec6df9a13a64ede9c628abe25344900d998cd2,eda920b8f54cb58253faea964405db30e8be5f3b,5cfae62226db7fc4ff1d054f3343539445a4ba6c,313ef7952b880e271ddb8c90b23d02d0cd31f358,26291ea7e3344928063b65ad0a5c8f050a023715,95461634b304e3b75c58e304e2bf92196c8ad460,9a6a35f92929554dea30f3ec04d29e1d0e7397c8,aecfb299c7c8cd58a2e34e86eba44fce5f5f1e1f",cloudwatch_page_token,source_confirmed_changed_behavior,cross_boundary,partial,missing,missing,source_confirmed
grafana__c1dcf4965a3a,grafana,"grafana:2aee1d22d145115ba8ea4ed50db4a0f03de5e2dd,79b1d04726caf0824160ade861ac4ebae76175cf,6c141137aa9fbe9c3e6ba22dd966e8f47002eaf9,b47cd65351b71e887e82b36dbb6af0a584f6d6b7,9bec6df9a13a64ede9c628abe25344900d998cd2,eda920b8f54cb58253faea964405db30e8be5f3b,5cfae62226db7fc4ff1d054f3343539445a4ba6c,313ef7952b880e271ddb8c90b23d02d0cd31f358,26291ea7e3344928063b65ad0a5c8f050a023715,95461634b304e3b75c58e304e2bf92196c8ad460,9a6a35f92929554dea30f3ec04d29e1d0e7397c8,aecfb299c7c8cd58a2e34e86eba44fce5f5f1e1f",cloudwatch_load_more,source_confirmed_changed_behavior,cross_boundary,complete,missing,missing,source_confirmed
grafana__c1dcf4965a3a,grafana,"grafana:2aee1d22d145115ba8ea4ed50db4a0f03de5e2dd,79b1d04726caf0824160ade861ac4ebae76175cf,6c141137aa9fbe9c3e6ba22dd966e8f47002eaf9,b47cd65351b71e887e82b36dbb6af0a584f6d6b7,9bec6df9a13a64ede9c628abe25344900d998cd2,eda920b8f54cb58253faea964405db30e8be5f3b,5cfae62226db7fc4ff1d054f3343539445a4ba6c,313ef7952b880e271ddb8c90b23d02d0cd31f358,26291ea7e3344928063b65ad0a5c8f050a023715,95461634b304e3b75c58e304e2bf92196c8ad460,9a6a35f92929554dea30f3ec04d29e1d0e7397c8,aecfb299c7c8cd58a2e34e86eba44fce5f5f1e1f",cloudwatch_page_error,source_confirmed_changed_behavior,cross_boundary,partial,missing,missing,source_confirmed
grafana__c1dcf4965a3a,grafana,"grafana:2aee1d22d145115ba8ea4ed50db4a0f03de5e2dd,79b1d04726caf0824160ade861ac4ebae76175cf,6c141137aa9fbe9c3e6ba22dd966e8f47002eaf9,b47cd65351b71e887e82b36dbb6af0a584f6d6b7,9bec6df9a13a64ede9c628abe25344900d998cd2,eda920b8f54cb58253faea964405db30e8be5f3b,5cfae62226db7fc4ff1d054f3343539445a4ba6c,313ef7952b880e271ddb8c90b23d02d0cd31f358,26291ea7e3344928063b65ad0a5c8f050a023715,95461634b304e3b75c58e304e2bf92196c8ad460,9a6a35f92929554dea30f3ec04d29e1d0e7397c8,aecfb299c7c8cd58a2e34e86eba44fce5f5f1e1f",cloudwatch_response_consumers,source_confirmed_changed_behavior,cross_boundary,partial,missing,missing,source_confirmed
grafana__c1dcf4965a3a,grafana,"grafana:2aee1d22d145115ba8ea4ed50db4a0f03de5e2dd,79b1d04726caf0824160ade861ac4ebae76175cf,6c141137aa9fbe9c3e6ba22dd966e8f47002eaf9,b47cd65351b71e887e82b36dbb6af0a584f6d6b7,9bec6df9a13a64ede9c628abe25344900d998cd2,eda920b8f54cb58253faea964405db30e8be5f3b,5cfae62226db7fc4ff1d054f3343539445a4ba6c,313ef7952b880e271ddb8c90b23d02d0cd31f358,26291ea7e3344928063b65ad0a5c8f050a023715,95461634b304e3b75c58e304e2bf92196c8ad460,9a6a35f92929554dea30f3ec04d29e1d0e7397c8,aecfb299c7c8cd58a2e34e86eba44fce5f5f1e1f",logs_table_suggestion_gate,source_confirmed_changed_behavior,cross_boundary,partial,missing,missing,source_confirmed
grafana__d6ec6f0e13dc,grafana,"grafana:937563f9cd4a85091b1e2795ba5c8a2377cebc40,7709dc39cf8ee2de85c38b8943b208adf8a3c47c",homepage_recent_starred,source_confirmed_changed_behavior,cross_boundary,complete,missing,missing,source_confirmed
grafana__d6ec6f0e13dc,grafana,"grafana:937563f9cd4a85091b1e2795ba5c8a2377cebc40,7709dc39cf8ee2de85c38b8943b208adf8a3c47c",homepage_auto_switch,source_confirmed_changed_behavior,cross_boundary,partial,missing,missing,source_confirmed
grafana__d6ec6f0e13dc,grafana,"grafana:937563f9cd4a85091b1e2795ba5c8a2377cebc40,7709dc39cf8ee2de85c38b8943b208adf8a3c47c",homepage_empty_states,source_confirmed_changed_behavior,cross_boundary,partial,missing,missing,source_confirmed
grafana__d6ec6f0e13dc,grafana,"grafana:937563f9cd4a85091b1e2795ba5c8a2377cebc40,7709dc39cf8ee2de85c38b8943b208adf8a3c47c",homepage_loading_retry,source_confirmed_changed_behavior,cross_boundary,missing,missing,missing,source_confirmed
grafana__d6ec6f0e13dc,grafana,"grafana:937563f9cd4a85091b1e2795ba5c8a2377cebc40,7709dc39cf8ee2de85c38b8943b208adf8a3c47c",homepage_clear_recent,source_confirmed_changed_behavior,cross_boundary,missing,missing,missing,source_confirmed
grafana__d6ec6f0e13dc,grafana,"grafana:937563f9cd4a85091b1e2795ba5c8a2377cebc40,7709dc39cf8ee2de85c38b8943b208adf8a3c47c",homepage_star_refresh,source_confirmed_changed_behavior,cross_boundary,missing,missing,missing,source_confirmed
grafana__d6ec6f0e13dc,grafana,"grafana:937563f9cd4a85091b1e2795ba5c8a2377cebc40,7709dc39cf8ee2de85c38b8943b208adf8a3c47c",homepage_extension_tabs,source_confirmed_changed_behavior,cross_boundary,missing,missing,missing,source_confirmed
grafana__d6ec6f0e13dc,grafana,"grafana:937563f9cd4a85091b1e2795ba5c8a2377cebc40,7709dc39cf8ee2de85c38b8943b208adf8a3c47c",commit_template_interpolation,source_confirmed_changed_behavior,cross_boundary,complete,partial,partial,source_confirmed
grafana__d6ec6f0e13dc,grafana,"grafana:937563f9cd4a85091b1e2795ba5c8a2377cebc40,7709dc39cf8ee2de85c38b8943b208adf8a3c47c",commit_comment_fallback,source_confirmed_changed_behavior,cross_boundary,complete,partial,partial,source_confirmed
grafana__d6ec6f0e13dc,grafana,"grafana:937563f9cd4a85091b1e2795ba5c8a2377cebc40,7709dc39cf8ee2de85c38b8943b208adf8a3c47c",dashboard_commit_forms,source_confirmed_changed_behavior,cross_boundary,partial,missing,missing,source_confirmed
grafana__d6ec6f0e13dc,grafana,"grafana:937563f9cd4a85091b1e2795ba5c8a2377cebc40,7709dc39cf8ee2de85c38b8943b208adf8a3c47c",folder_commit_forms,source_confirmed_changed_behavior,cross_boundary,complete,missing,missing,source_confirmed
hoppscotch__7854259a9bcd,hoppscotch,hoppscotch:1f4ae3dd88e97a2bf85b2e1d3c9146560e91d41f,B1,source_confirmed_changed_behavior,cross_boundary,complete,complete,complete,source_confirmed
hoppscotch__7854259a9bcd,hoppscotch,hoppscotch:1f4ae3dd88e97a2bf85b2e1d3c9146560e91d41f,B2,source_confirmed_changed_behavior,local,complete,complete,complete,source_confirmed
hoppscotch__8c22bb36311e,hoppscotch,hoppscotch:57be05cdcb926313f26eaaf0feea9c4dde2c5354,scoped_collection_lookup,source_confirmed_changed_behavior,cross_boundary,complete,partial,partial,source_confirmed
hoppscotch__8c22bb36311e,hoppscotch,hoppscotch:57be05cdcb926313f26eaaf0feea9c4dde2c5354,child_collection_creation,source_confirmed_changed_behavior,cross_boundary,partial,missing,missing,source_confirmed
hoppscotch__8c22bb36311e,hoppscotch,hoppscotch:57be05cdcb926313f26eaaf0feea9c4dde2c5354,collection_mutation_scope,source_confirmed_changed_behavior,cross_boundary,partial,missing,missing,source_confirmed
hoppscotch__8c22bb36311e,hoppscotch,hoppscotch:57be05cdcb926313f26eaaf0feea9c4dde2c5354,collection_export_scope,source_confirmed_changed_behavior,cross_boundary,missing,missing,missing,source_confirmed
hoppscotch__8c22bb36311e,hoppscotch,hoppscotch:57be05cdcb926313f26eaaf0feea9c4dde2c5354,request_creation_scope,source_confirmed_changed_behavior,cross_boundary,missing,missing,partial,source_confirmed
hoppscotch__8c22bb36311e,hoppscotch,hoppscotch:57be05cdcb926313f26eaaf0feea9c4dde2c5354,request_move_scope,source_confirmed_changed_behavior,cross_boundary,missing,missing,partial,source_confirmed
hoppscotch__bb87bf999811,hoppscotch,"hoppscotch:a1be60da649296c9c94511499928b15f295c8a18,803e4633a27be10d80e752d62bd0dab09ed2924a",slug_per_collection,source_confirmed_changed_behavior,cross_boundary,partial,missing,missing,source_confirmed
hoppscotch__bb87bf999811,hoppscotch,"hoppscotch:a1be60da649296c9c94511499928b15f295c8a18,803e4633a27be10d80e752d62bd0dab09ed2924a",duplicate_version_retry,source_confirmed_changed_behavior,cross_boundary,complete,missing,missing,source_confirmed
hoppscotch__bb87bf999811,hoppscotch,"hoppscotch:a1be60da649296c9c94511499928b15f295c8a18,803e4633a27be10d80e752d62bd0dab09ed2924a",version_listing,source_confirmed_changed_behavior,cross_boundary,complete,missing,partial,source_confirmed
hoppscotch__bb87bf999811,hoppscotch,"hoppscotch:a1be60da649296c9c94511499928b15f295c8a18,803e4633a27be10d80e752d62bd0dab09ed2924a",public_slug_version,source_confirmed_changed_behavior,cross_boundary,complete,missing,partial,source_confirmed
hoppscotch__bb87bf999811,hoppscotch,"hoppscotch:a1be60da649296c9c94511499928b15f295c8a18,803e4633a27be10d80e752d62bd0dab09ed2924a",public_versions_payload,source_confirmed_changed_behavior,cross_boundary,missing,missing,missing,source_confirmed
hoppscotch__bb87bf999811,hoppscotch,"hoppscotch:a1be60da649296c9c94511499928b15f295c8a18,803e4633a27be10d80e752d62bd0dab09ed2924a",public_slug_url,source_confirmed_changed_behavior,cross_boundary,complete,missing,complete,source_confirmed
hoppscotch__bb87bf999811,hoppscotch,"hoppscotch:a1be60da649296c9c94511499928b15f295c8a18,803e4633a27be10d80e752d62bd0dab09ed2924a",public_live_tree,source_confirmed_changed_behavior,cross_boundary,partial,missing,partial,source_confirmed
hoppscotch__bb87bf999811,hoppscotch,"hoppscotch:a1be60da649296c9c94511499928b15f295c8a18,803e4633a27be10d80e752d62bd0dab09ed2924a",snapshot_create_and_read,source_confirmed_changed_behavior,cross_boundary,partial,missing,partial,source_confirmed
hoppscotch__bb87bf999811,hoppscotch,"hoppscotch:a1be60da649296c9c94511499928b15f295c8a18,803e4633a27be10d80e752d62bd0dab09ed2924a",snapshot_update_transition,source_confirmed_changed_behavior,cross_boundary,missing,missing,missing,source_confirmed
hoppscotch__bb87bf999811,hoppscotch,"hoppscotch:a1be60da649296c9c94511499928b15f295c8a18,803e4633a27be10d80e752d62bd0dab09ed2924a",create_environment_scope,source_confirmed_changed_behavior,cross_boundary,partial,missing,missing,source_confirmed
hoppscotch__bb87bf999811,hoppscotch,"hoppscotch:a1be60da649296c9c94511499928b15f295c8a18,803e4633a27be10d80e752d62bd0dab09ed2924a",update_environment,source_confirmed_changed_behavior,cross_boundary,partial,missing,missing,source_confirmed
hoppscotch__bb87bf999811,hoppscotch,"hoppscotch:a1be60da649296c9c94511499928b15f295c8a18,803e4633a27be10d80e752d62bd0dab09ed2924a",public_environment_sync,source_confirmed_changed_behavior,cross_boundary,partial,missing,partial,source_confirmed
hoppscotch__bb87bf999811,hoppscotch,"hoppscotch:a1be60da649296c9c94511499928b15f295c8a18,803e4633a27be10d80e752d62bd0dab09ed2924a",environment_response_fields,source_confirmed_changed_behavior,cross_boundary,complete,missing,missing,source_confirmed
hoppscotch__bb87bf999811,hoppscotch,"hoppscotch:a1be60da649296c9c94511499928b15f295c8a18,803e4633a27be10d80e752d62bd0dab09ed2924a",orphan_cleanup_await,source_confirmed_changed_behavior,local,missing,missing,missing,source_confirmed
hoppscotch__bb87bf999811,hoppscotch,"hoppscotch:a1be60da649296c9c94511499928b15f295c8a18,803e4633a27be10d80e752d62bd0dab09ed2924a",personal_environment_update_scope,source_confirmed_changed_behavior,cross_boundary,missing,partial,missing,source_confirmed
hoppscotch__bb87bf999811,hoppscotch,"hoppscotch:a1be60da649296c9c94511499928b15f295c8a18,803e4633a27be10d80e752d62bd0dab09ed2924a",personal_environment_delete_scope,source_confirmed_changed_behavior,cross_boundary,missing,missing,missing,source_confirmed
hoppscotch__bb87bf999811,hoppscotch,"hoppscotch:a1be60da649296c9c94511499928b15f295c8a18,803e4633a27be10d80e752d62bd0dab09ed2924a",personal_environment_clear_scope,source_confirmed_changed_behavior,cross_boundary,missing,missing,missing,source_confirmed
hoppscotch__fd297fc8a43c,hoppscotch,hoppscotch:d6ea86dccae7126025b5b6b822987aae46e8c03f,B1,source_confirmed_changed_behavior,local,complete,complete,complete,source_confirmed
hoppscotch__fd297fc8a43c,hoppscotch,hoppscotch:d6ea86dccae7126025b5b6b822987aae46e8c03f,B2,source_confirmed_changed_behavior,local,missing,complete,complete,source_confirmed
payload__8c75eded8723,payload,payload:76396640309cec215b2a66faaa566e71244bd9e5,component_context,source_confirmed_new_behavior,cross_boundary,partial,partial,missing,source_confirmed
payload__8c75eded8723,payload,payload:76396640309cec215b2a66faaa566e71244bd9e5,missing_module_diagnostic,source_confirmed_new_behavior,cross_boundary,complete,missing,missing,source_confirmed
payload__8c75eded8723,payload,payload:76396640309cec215b2a66faaa566e71244bd9e5,missing_export_diagnostic,source_confirmed_new_behavior,cross_boundary,partial,missing,missing,source_confirmed
payload__8c75eded8723,payload,payload:76396640309cec215b2a66faaa566e71244bd9e5,export_error_guidance,source_confirmed_new_behavior,local,partial,missing,missing,source_confirmed
payload__8c75eded8723,payload,payload:76396640309cec215b2a66faaa566e71244bd9e5,path_completions,source_confirmed_new_behavior,cross_boundary,complete,missing,missing,source_confirmed
payload__8c75eded8723,payload,payload:76396640309cec215b2a66faaa566e71244bd9e5,export_completions,source_confirmed_new_behavior,cross_boundary,complete,missing,missing,source_confirmed
payload__8c75eded8723,payload,payload:76396640309cec215b2a66faaa566e71244bd9e5,component_definition,source_confirmed_new_behavior,cross_boundary,partial,missing,missing,source_confirmed
payload__8c75eded8723,payload,payload:76396640309cec215b2a66faaa566e71244bd9e5,base_directory_resolution,source_confirmed_new_behavior,cross_boundary,partial,missing,missing,source_confirmed
rallly__98899fd68897,rallly,rallly:7d5f55ac26e3a4afe66dd76ca9dcafc773001877,parse_slot_start,source_confirmed_new_behavior,local,complete,complete,partial,source_confirmed
rallly__98899fd68897,rallly,rallly:7d5f55ac26e3a4afe66dd76ca9dcafc773001877,dedupe_slot_key,source_confirmed_new_behavior,local,complete,complete,complete,source_confirmed
rallly__98899fd68897,rallly,rallly:7d5f55ac26e3a4afe66dd76ca9dcafc773001877,matching_weekdays_in_range,source_confirmed_new_behavior,local,complete,complete,partial,source_confirmed
rallly__98899fd68897,rallly,rallly:7d5f55ac26e3a4afe66dd76ca9dcafc773001877,slot_interval_and_fit,source_confirmed_new_behavior,local,partial,partial,partial,source_confirmed
rallly__98899fd68897,rallly,rallly:7d5f55ac26e3a4afe66dd76ca9dcafc773001877,slot_window_timezone,source_confirmed_new_behavior,local,complete,complete,complete,source_confirmed
rallly__98899fd68897,rallly,rallly:7d5f55ac26e3a4afe66dd76ca9dcafc773001877,invalid_slot_window,source_confirmed_new_behavior,local,partial,partial,missing,source_confirmed
rallly__f1c87a008978,rallly,rallly:2042ec8089579943b04bbb372eeeaf1c139aba79,B1,source_confirmed_changed_behavior,cross_boundary,partial,missing,unknown,source_confirmed
requestly__b8ba3c46037c,requestly,requestly:c138acac718d6336cf5aa89882862d511f37c25b,B1,source_confirmed_changed_behavior,cross_boundary,missing,complete,missing,source_confirmed
requestly__b8ba3c46037c,requestly,requestly:c138acac718d6336cf5aa89882862d511f37c25b,B2,source_confirmed_changed_behavior,cross_boundary,missing,complete,missing,source_confirmed
saleor__0756cd8dad07,saleor,"saleor:d0f499c017ab4feb65964681de5b6c94d25bc96f,d4808cc130c7a5d132e23a04c656fae222a38129",filter_unresolvable_extension,source_confirmed_changed_behavior,cross_boundary,complete,missing,missing,source_confirmed
saleor__0756cd8dad07,saleor,"saleor:d0f499c017ab4feb65964681de5b6c94d25bc96f,d4808cc130c7a5d132e23a04c656fae222a38129",custom_extension_permission_filter,source_confirmed_changed_behavior,cross_boundary,complete,complete,complete,source_confirmed
saleor__0756cd8dad07,saleor,"saleor:d0f499c017ab4feb65964681de5b6c94d25bc96f,d4808cc130c7a5d132e23a04c656fae222a38129",no_configuration_notice,source_confirmed_changed_behavior,cross_boundary,complete,missing,missing,source_confirmed
saleor__0756cd8dad07,saleor,"saleor:d0f499c017ab4feb65964681de5b6c94d25bc96f,d4808cc130c7a5d132e23a04c656fae222a38129",installed_app_manage_href,source_confirmed_changed_behavior,cross_boundary,complete,complete,missing,source_confirmed
saleor__0756cd8dad07,saleor,"saleor:d0f499c017ab4feb65964681de5b6c94d25bc96f,d4808cc130c7a5d132e23a04c656fae222a38129",iframe_missing_appurl_redirect,source_confirmed_changed_behavior,cross_boundary,complete,missing,missing,source_confirmed
saleor__47f89d573219,saleor,saleor:46384c3e2cc562a5132f3c841d4f958a34712a1e,boolean_static_choices,source_confirmed_changed_behavior,local,complete,complete,complete,source_confirmed
saleor__47f89d573219,saleor,saleor:46384c3e2cc562a5132f3c841d4f958a34712a1e,attribute_type_forwarding,source_confirmed_changed_behavior,local,complete,complete,missing,source_confirmed
saleor__4bb7ec3ba959,saleor,saleor:764b4f9f11ba2d87d82b6c35a97e9ebfc8bf68ce,issue_category_grouping,source_confirmed_changed_behavior,cross_boundary,partial,complete,complete,source_confirmed
saleor__4bb7ec3ba959,saleor,saleor:764b4f9f11ba2d87d82b6c35a97e9ebfc8bf68ce,omit_empty_category_sections,source_confirmed_changed_behavior,cross_boundary,partial,partial,missing,source_confirmed
saleor__4f7f7c98c454,saleor,saleor:029f589c0d10e3afd5e4879b862019e2868e3bad,stock_mode_to_checks,source_confirmed_changed_behavior,cross_boundary,complete,partial,missing,source_confirmed
saleor__4f7f7c98c454,saleor,saleor:029f589c0d10e3afd5e4879b862019e2868e3bad,stock_mode_early_returns,source_confirmed_changed_behavior,cross_boundary,complete,partial,missing,source_confirmed
saleor__4f7f7c98c454,saleor,saleor:029f589c0d10e3afd5e4879b862019e2868e3bad,stock_mode_explanation,source_confirmed_changed_behavior,cross_boundary,partial,missing,missing,source_confirmed
saleor__4f7f7c98c454,saleor,saleor:029f589c0d10e3afd5e4879b862019e2868e3bad,header_issue_gating,source_confirmed_changed_behavior,cross_boundary,partial,missing,partial,source_confirmed
saleor__4f7f7c98c454,saleor,saleor:029f589c0d10e3afd5e4879b862019e2868e3bad,issue_visual_accessibility,source_confirmed_changed_behavior,cross_boundary,partial,missing,missing,source_confirmed
saleor__9ead5c85b9f7,saleor,saleor:d0f499c017ab4feb65964681de5b6c94d25bc96f,B1,source_confirmed_changed_behavior,local,complete,complete,complete,source_confirmed
saleor__9ead5c85b9f7,saleor,saleor:d0f499c017ab4feb65964681de5b6c94d25bc96f,B2,source_confirmed_changed_behavior,local,complete,complete,complete,source_confirmed
saleor__a11d1fc587f5,saleor,saleor:c305dd4b93494312b2c60cfc26091ffda22a2153,healthy_advisory_banner,source_confirmed_changed_behavior,cross_boundary,partial,missing,partial,source_confirmed
saleor__a11d1fc587f5,saleor,saleor:c305dd4b93494312b2c60cfc26091ffda22a2153,coverage_aware_verdict,source_confirmed_changed_behavior,local,complete,missing,partial,source_confirmed
saleor__a11d1fc587f5,saleor,saleor:c305dd4b93494312b2c60cfc26091ffda22a2153,verdict_reassurance,source_confirmed_changed_behavior,local,complete,missing,partial,source_confirmed
saleor__a11d1fc587f5,saleor,saleor:c305dd4b93494312b2c60cfc26091ffda22a2153,diagnostics_to_verification,source_confirmed_changed_behavior,cross_boundary,missing,missing,missing,source_confirmed
saleor__a11d1fc587f5,saleor,saleor:c305dd4b93494312b2c60cfc26091ffda22a2153,warehouse_advice,source_confirmed_changed_behavior,local,missing,missing,missing,source_confirmed
saleor__ae64c2e14023,saleor,saleor:71222e4cff7148b0ff8439a0af23b8cd123917fc,discount_source_labels,source_confirmed_changed_behavior,cross_boundary,complete,missing,missing,source_confirmed
saleor__ae64c2e14023,saleor,saleor:71222e4cff7148b0ff8439a0af23b8cd123917fc,line_discount_summary,source_confirmed_changed_behavior,cross_boundary,missing,complete,complete,source_confirmed
saleor__ae64c2e14023,saleor,saleor:71222e4cff7148b0ff8439a0af23b8cd123917fc,undiscounted_subtotal,source_confirmed_changed_behavior,cross_boundary,missing,complete,complete,source_confirmed
saleor__ae64c2e14023,saleor,saleor:71222e4cff7148b0ff8439a0af23b8cd123917fc,discount_collapsed_total,source_confirmed_changed_behavior,cross_boundary,partial,missing,missing,source_confirmed
saleor__ae64c2e14023,saleor,saleor:71222e4cff7148b0ff8439a0af23b8cd123917fc,discount_expanded_groups,source_confirmed_changed_behavior,cross_boundary,partial,missing,partial,source_confirmed
saleor__ae64c2e14023,saleor,saleor:71222e4cff7148b0ff8439a0af23b8cd123917fc,manual_discount_details,source_confirmed_changed_behavior,cross_boundary,complete,missing,complete,source_confirmed
saleor__ae64c2e14023,saleor,saleor:71222e4cff7148b0ff8439a0af23b8cd123917fc,voucher_navigation,source_confirmed_changed_behavior,cross_boundary,missing,missing,missing,source_confirmed
saleor__ae64c2e14023,saleor,saleor:71222e4cff7148b0ff8439a0af23b8cd123917fc,subtotal_tooltip,source_confirmed_changed_behavior,cross_boundary,missing,missing,missing,source_confirmed
saleor__ae64c2e14023,saleor,saleor:71222e4cff7148b0ff8439a0af23b8cd123917fc,discount_form_conversion,source_confirmed_changed_behavior,cross_boundary,missing,missing,missing,source_confirmed
saleor__ae64c2e14023,saleor,saleor:71222e4cff7148b0ff8439a0af23b8cd123917fc,discount_form_validation,source_confirmed_changed_behavior,cross_boundary,missing,missing,missing,source_confirmed
saleor__ae64c2e14023,saleor,saleor:71222e4cff7148b0ff8439a0af23b8cd123917fc,order_line_metadata,source_confirmed_changed_behavior,cross_boundary,complete,missing,missing,source_confirmed
strapi__5e4ede06fb2d,strapi,strapi:ff8912a54f45f4acbab2346edef23bde73569520,B1,source_confirmed_changed_behavior,local,complete,complete,complete,source_confirmed
strapi__5e4ede06fb2d,strapi,strapi:ff8912a54f45f4acbab2346edef23bde73569520,B2,source_confirmed_changed_behavior,local,partial,complete,complete,source_confirmed
strapi__5e4ede06fb2d,strapi,strapi:ff8912a54f45f4acbab2346edef23bde73569520,B3,source_confirmed_changed_behavior,local,partial,complete,missing,source_confirmed
strapi__88ec45fea990,strapi,strapi:919000fb3c8bfefa273b6b0646fe0808ab4bcc2f,B1,source_confirmed_changed_behavior,local,complete,complete,complete,source_confirmed
strapi__88ec45fea990,strapi,strapi:919000fb3c8bfefa273b6b0646fe0808ab4bcc2f,B2,source_confirmed_changed_behavior,local,missing,complete,complete,source_confirmed
strapi__a9e68a17b9ab,strapi,strapi:c4cea991ddde67bbf15243b98cd0f2d8fe834836,normalize_email,source_confirmed_new_behavior,local,complete,complete,complete,source_confirmed
strapi__a9e68a17b9ab,strapi,strapi:c4cea991ddde67bbf15243b98cd0f2d8fe834836,decode_encoded_words,source_confirmed_new_behavior,local,complete,partial,partial,source_confirmed
strapi__a9e68a17b9ab,strapi,strapi:c4cea991ddde67bbf15243b98cd0f2d8fe834836,encode_display_words,source_confirmed_new_behavior,local,complete,partial,complete,source_confirmed
strapi__a9e68a17b9ab,strapi,strapi:c4cea991ddde67bbf15243b98cd0f2d8fe834836,long_base64_words,source_confirmed_new_behavior,local,complete,missing,missing,source_confirmed
strapi__a9e68a17b9ab,strapi,strapi:c4cea991ddde67bbf15243b98cd0f2d8fe834836,comments_and_quotes,source_confirmed_new_behavior,local,complete,partial,partial,source_confirmed
strapi__a9e68a17b9ab,strapi,strapi:c4cea991ddde67bbf15243b98cd0f2d8fe834836,unquote_display_name,source_confirmed_new_behavior,local,complete,complete,complete,source_confirmed
strapi__a9e68a17b9ab,strapi,strapi:c4cea991ddde67bbf15243b98cd0f2d8fe834836,parse_address_fields,source_confirmed_new_behavior,local,complete,partial,partial,source_confirmed
strapi__a9e68a17b9ab,strapi,strapi:c4cea991ddde67bbf15243b98cd0f2d8fe834836,format_address,source_confirmed_new_behavior,local,complete,partial,partial,source_confirmed
strapi__a9e68a17b9ab,strapi,strapi:c4cea991ddde67bbf15243b98cd0f2d8fe834836,email_validation,source_confirmed_new_behavior,local,partial,partial,partial,source_confirmed
strapi__a9e68a17b9ab,strapi,strapi:c4cea991ddde67bbf15243b98cd0f2d8fe834836,multiple_address_boundaries,source_confirmed_new_behavior,local,partial,partial,partial,source_confirmed
strapi__b6c1376f714e,strapi,strapi:c4cea991ddde67bbf15243b98cd0f2d8fe834836,nullish_mail_defaults,source_confirmed_changed_behavior,local,partial,partial,partial,source_confirmed
strapi__b6c1376f714e,strapi,strapi:c4cea991ddde67bbf15243b98cd0f2d8fe834836,advanced_mail_options,source_confirmed_changed_behavior,local,partial,partial,partial,source_confirmed
strapi__b6c1376f714e,strapi,strapi:c4cea991ddde67bbf15243b98cd0f2d8fe834836,per_message_auth_dsn,source_confirmed_changed_behavior,local,complete,partial,complete,source_confirmed
strapi__b6c1376f714e,strapi,strapi:c4cea991ddde67bbf15243b98cd0f2d8fe834836,verify_transport,source_confirmed_changed_behavior,local,complete,partial,partial,source_confirmed
strapi__b6c1376f714e,strapi,strapi:c4cea991ddde67bbf15243b98cd0f2d8fe834836,transport_idle,source_confirmed_changed_behavior,local,partial,partial,partial,source_confirmed
strapi__b6c1376f714e,strapi,strapi:c4cea991ddde67bbf15243b98cd0f2d8fe834836,close_transport,source_confirmed_changed_behavior,local,complete,complete,complete,source_confirmed
strapi__b6c1376f714e,strapi,strapi:c4cea991ddde67bbf15243b98cd0f2d8fe834836,capability_credentials,source_confirmed_changed_behavior,local,complete,partial,partial,source_confirmed
strapi__b6c1376f714e,strapi,strapi:c4cea991ddde67bbf15243b98cd0f2d8fe834836,capability_features,source_confirmed_changed_behavior,local,partial,partial,partial,source_confirmed
strapi__fac079537c4b,strapi,strapi:bf2b1cb6bfdf14eaca85eb11dd06f5a97a8a3c9d,B1,source_confirmed_changed_behavior,local,partial,partial,partial,source_confirmed
strapi__fac079537c4b,strapi,strapi:bf2b1cb6bfdf14eaca85eb11dd06f5a97a8a3c9d,B2,source_confirmed_changed_behavior,local,complete,complete,complete,source_confirmed
strapi__fac079537c4b,strapi,strapi:bf2b1cb6bfdf14eaca85eb11dd06f5a97a8a3c9d,B3,source_confirmed_changed_behavior,local,complete,complete,missing,source_confirmed
supabase__42451f2250ea,supabase,supabase:d27bb74258e4fae65dd089d9f5473c22e3ab3bd9,test_environment_grant_controls,source_confirmed_changed_behavior,cross_boundary,partial,partial,complete,source_confirmed
supabase__42451f2250ea,supabase,supabase:d27bb74258e4fae65dd089d9f5473c22e3ab3bd9,non_test_flag_gate,source_confirmed_preserved_behavior,cross_boundary,missing,missing,partial,source_confirmed
supabase__42451f2250ea,supabase,supabase:d27bb74258e4fae65dd089d9f5473c22e3ab3bd9,privilege_button_accessible_name,source_confirmed_changed_behavior,cross_boundary,complete,complete,missing,source_confirmed
supabase__5494f1c356ac,supabase,supabase:d34cc65e30a1f5eb870417eb03fdcbb069e3c617,B1,source_confirmed_changed_behavior,local,complete,complete,missing,source_confirmed
supabase__5494f1c356ac,supabase,supabase:d34cc65e30a1f5eb870417eb03fdcbb069e3c617,B2,source_confirmed_changed_behavior,cross_boundary,complete,complete,missing,source_confirmed
supabase__5494f1c356ac,supabase,supabase:d34cc65e30a1f5eb870417eb03fdcbb069e3c617,B3,source_confirmed_changed_behavior,cross_boundary,complete,complete,missing,source_confirmed
typebot__f7aa0c0f71d0,typebot,typebot:15017a72a12e721c14a968c245fad3aaf4f197b7,json_object_parsing,source_confirmed_changed_behavior,local,complete,partial,partial,source_confirmed
typebot__f7aa0c0f71d0,typebot,typebot:15017a72a12e721c14a968c245fad3aaf4f197b7,error_formatting,source_confirmed_changed_behavior,local,complete,complete,complete,source_confirmed
typebot__f7aa0c0f71d0,typebot,typebot:15017a72a12e721c14a968c245fad3aaf4f197b7,axios_error_categories,source_confirmed_changed_behavior,local,complete,missing,missing,source_confirmed
typebot__f7aa0c0f71d0,typebot,typebot:15017a72a12e721c14a968c245fad3aaf4f197b7,configuration_validation,source_confirmed_new_behavior,local,missing,missing,missing,source_confirmed
typebot__f7aa0c0f71d0,typebot,typebot:15017a72a12e721c14a968c245fad3aaf4f197b7,event_tracking,source_confirmed_new_behavior,local,missing,missing,missing,source_confirmed
typebot__f7aa0c0f71d0,typebot,typebot:15017a72a12e721c14a968c245fad3aaf4f197b7,user_profile_conversion,source_confirmed_new_behavior,local,missing,missing,missing,source_confirmed
vendure__7cadeff6bbb1,vendure,vendure:7207123dc880fa626582b30a627c8b6353cc61b7,shipping_address_visible_while_editing,source_confirmed_changed_behavior,cross_boundary,complete,unknown,complete,source_confirmed
vendure__7cadeff6bbb1,vendure,vendure:7207123dc880fa626582b30a627c8b6353cc61b7,billing_address_visible_while_editing,source_confirmed_changed_behavior,cross_boundary,missing,missing,missing,source_confirmed
vendure__7cadeff6bbb1,vendure,vendure:7207123dc880fa626582b30a627c8b6353cc61b7,address_selector_auto_open,source_confirmed_changed_behavior,cross_boundary,complete,missing,complete,source_confirmed
vendure__7cadeff6bbb1,vendure,vendure:7207123dc880fa626582b30a627c8b6353cc61b7,address_selector_cancel,source_confirmed_changed_behavior,cross_boundary,missing,missing,missing,source_confirmed
vendure__8536f6be58a9,vendure,vendure:12d1ef84b93a8a81023469128daa825e9efa6cd6,B1,source_confirmed_changed_behavior,local,complete,complete,complete,source_confirmed
vendure__8c85fd9909f6,vendure,vendure:80cdd0787a6b0b70230ecb1428c4965fac0c20bc,nullable_scalar_defaults,source_confirmed_changed_behavior,local,partial,partial,missing,source_confirmed
vendure__8c85fd9909f6,vendure,vendure:80cdd0787a6b0b70230ecb1428c4965fac0c20bc,nullable_object_defaults,source_confirmed_changed_behavior,local,complete,complete,missing,source_confirmed
vendure__8c85fd9909f6,vendure,vendure:80cdd0787a6b0b70230ecb1428c4965fac0c20bc,convert_nullable_empty,source_confirmed_changed_behavior,local,partial,partial,complete,source_confirmed
vendure__8c85fd9909f6,vendure,vendure:80cdd0787a6b0b70230ecb1428c4965fac0c20bc,strip_nullable_nulls,source_confirmed_changed_behavior,local,partial,partial,complete,source_confirmed
vendure__8c85fd9909f6,vendure,vendure:80cdd0787a6b0b70230ecb1428c4965fac0c20bc,preserve_form_input,source_confirmed_changed_behavior,local,partial,complete,partial,source_confirmed
vendure__8c85fd9909f6,vendure,vendure:80cdd0787a6b0b70230ecb1428c4965fac0c20bc,create_update_submission,source_confirmed_changed_behavior,cross_boundary,missing,missing,missing,source_confirmed
vendure__8de0011be91d,vendure,vendure:3be14c89c31b2faf21b5a338b9da6a3ef0906a2c,stale_shipping_line_removed,source_confirmed_changed_behavior,local,complete,complete,complete,source_confirmed
vendure__8de0011be91d,vendure,vendure:3be14c89c31b2faf21b5a338b9da6a3ef0906a2c,continue_after_stale_shipping,source_confirmed_changed_behavior,local,missing,complete,complete,source_confirmed
vendure__dc705b45caa2,vendure,vendure:eb13562f39a770f13ca5d987af6f37ba6e07cfbd,ppa_channel_tax_zone,source_confirmed_changed_behavior,cross_boundary,complete,missing,missing,source_confirmed
vendure__dc705b45caa2,vendure,vendure:eb13562f39a770f13ca5d987af6f37ba6e07cfbd,order_calculator_channel_tax_zone,source_confirmed_changed_behavior,cross_boundary,missing,missing,missing,source_confirmed
vendure__dc705b45caa2,vendure,vendure:eb13562f39a770f13ca5d987af6f37ba6e07cfbd,address_change_invalidates_channel,source_confirmed_changed_behavior,cross_boundary,missing,missing,missing,source_confirmed
