episode_id,repo,behavior_count,developer_missing_share,codex_missing_share,opencode_missing_share,codex_minus_developer,opencode_minus_developer
affine__78022b0dbbdc,affine,9,0.1111111111111111,0.6666666666666666,0.7777777777777778,0.5555555555555556,0.6666666666666667
affine__7b8ec4dc34fc,affine,4,0.5,1.0,0.25,0.5,-0.25
affine__85e2c5eb86b2,affine,1,0.0,0.0,1.0,0.0,1.0
affine__e5ef8885a002,affine,11,0.5454545454545454,0.7272727272727273,1.0,0.18181818181818188,0.4545454545454546
affine__f09468ce3923,affine,2,0.0,1.0,1.0,1.0,1.0
cal.com__e8d5475ff046,cal.com,7,0.14285714285714285,0.42857142857142855,1.0,0.2857142857142857,0.8571428571428572
cal.com__fb57dd2b0722,cal.com,9,0.3333333333333333,1.0,1.0,0.6666666666666667,0.6666666666666667
chatwoot__10c0dac4da6e,chatwoot,4,0.0,0.0,0.0,0.0,0.0
chatwoot__1f4f8ae24e79,chatwoot,4,0.0,0.0,0.75,0.0,0.75
chatwoot__d685fab6687f,chatwoot,3,0.3333333333333333,0.0,0.6666666666666666,-0.3333333333333333,0.3333333333333333
chatwoot__ea482c18673e,chatwoot,3,0.0,0.6666666666666666,0.0,0.6666666666666666,0.0
chatwoot__f13c4f53baae,chatwoot,1,0.0,0.0,0.0,0.0,0.0
chatwoot__f4e41c76efda,chatwoot,1,0.0,0.0,0.0,0.0,0.0
chatwoot__fd10754bdb7c,chatwoot,1,0.0,0.0,0.0,0.0,0.0
documenso__306a5155bd12,documenso,10,0.5,0.8,0.8,0.30000000000000004,0.30000000000000004
formbricks__9fddd4dd44da,formbricks,4,0.25,1.0,0.5,0.75,0.25
grafana__5bee1295a0bd,grafana,2,0.0,1.0,0.0,1.0,0.0
grafana__b71de9305549,grafana,2,0.0,0.0,0.0,0.0,0.0
grafana__c1dcf4965a3a,grafana,17,0.35294117647058826,0.9411764705882353,0.9411764705882353,0.588235294117647,0.588235294117647
grafana__d6ec6f0e13dc,grafana,11,0.36363636363636365,0.8181818181818182,0.8181818181818182,0.4545454545454546,0.4545454545454546
hoppscotch__7854259a9bcd,hoppscotch,2,0.0,0.0,0.0,0.0,0.0
hoppscotch__8c22bb36311e,hoppscotch,6,0.5,0.8333333333333334,0.5,0.33333333333333337,0.0
hoppscotch__bb87bf999811,hoppscotch,17,0.35294117647058826,0.9411764705882353,0.6470588235294118,0.588235294117647,0.29411764705882354
hoppscotch__fd297fc8a43c,hoppscotch,2,0.5,0.0,0.0,-0.5,-0.5
payload__8c75eded8723,payload,8,0.0,0.875,1.0,0.875,1.0
rallly__98899fd68897,rallly,6,0.0,0.0,0.16666666666666666,0.0,0.16666666666666666
requestly__b8ba3c46037c,requestly,2,1.0,0.0,1.0,-1.0,0.0
saleor__0756cd8dad07,saleor,5,0.0,0.6,0.8,0.6,0.8
saleor__47f89d573219,saleor,2,0.0,0.0,0.5,0.0,0.5
saleor__4bb7ec3ba959,saleor,2,0.0,0.0,0.5,0.0,0.5
saleor__4f7f7c98c454,saleor,5,0.0,0.6,0.8,0.6,0.8
saleor__9ead5c85b9f7,saleor,2,0.0,0.0,0.0,0.0,0.0
saleor__a11d1fc587f5,saleor,5,0.4,1.0,0.4,0.6,0.0
saleor__ae64c2e14023,saleor,11,0.5454545454545454,0.8181818181818182,0.6363636363636364,0.2727272727272728,0.09090909090909094
strapi__5e4ede06fb2d,strapi,3,0.0,0.0,0.3333333333333333,0.0,0.3333333333333333
strapi__88ec45fea990,strapi,2,0.5,0.0,0.0,-0.5,-0.5
strapi__a9e68a17b9ab,strapi,10,0.0,0.1,0.1,0.1,0.1
strapi__b6c1376f714e,strapi,8,0.0,0.0,0.0,0.0,0.0
strapi__fac079537c4b,strapi,3,0.0,0.0,0.3333333333333333,0.0,0.3333333333333333
supabase__42451f2250ea,supabase,3,0.3333333333333333,0.3333333333333333,0.3333333333333333,0.0,0.0
supabase__5494f1c356ac,supabase,3,0.0,0.0,1.0,0.0,1.0
typebot__f7aa0c0f71d0,typebot,6,0.5,0.6666666666666666,0.6666666666666666,0.16666666666666663,0.16666666666666663
vendure__8536f6be58a9,vendure,1,0.0,0.0,0.0,0.0,0.0
vendure__8c85fd9909f6,vendure,6,0.16666666666666666,0.16666666666666666,0.5,0.0,0.33333333333333337
vendure__8de0011be91d,vendure,2,0.5,0.0,0.0,-0.5,-0.5
vendure__dc705b45caa2,vendure,3,0.6666666666666666,1.0,1.0,0.33333333333333337,0.33333333333333337
