repo,source_ref,source_path,source_url,source_sha256
activepieces,d6f673aa50c77e9b53fdf902ae8fbd515020f4dc,LICENSE,https://github.com/activepieces/activepieces/blob/d6f673aa50c77e9b53fdf902ae8fbd515020f4dc/LICENSE,d490fc48488c4f5a721d354f0a5cce0972c7e3de768ac3e0c5851c3de79f3c9b
activepieces,d6f673aa50c77e9b53fdf902ae8fbd515020f4dc,packages/ee/LICENSE,https://github.com/activepieces/activepieces/blob/d6f673aa50c77e9b53fdf902ae8fbd515020f4dc/packages/ee/LICENSE,c3df96493ef0d1f6f6ab134bc0b15d9f08225a2b3ed81e7aadc9d9c9e74c914f
affine,60acd81d4b8a7d9e72dcebd1002917d60b208898,LICENSE,https://github.com/toeverything/AFFiNE/blob/60acd81d4b8a7d9e72dcebd1002917d60b208898/LICENSE,c107c8088fe42bce6def95d313cfe7b5984d3bb2c1608b67f855327da45f497b
affine,60acd81d4b8a7d9e72dcebd1002917d60b208898,LICENSE-MIT,https://github.com/toeverything/AFFiNE/blob/60acd81d4b8a7d9e72dcebd1002917d60b208898/LICENSE-MIT,1cdeca52d4f740361f103926144eb8b3f265975b2337d4e27b3313f72465897f
affine,60acd81d4b8a7d9e72dcebd1002917d60b208898,packages/backend/native/LICENSE,https://github.com/toeverything/AFFiNE/blob/60acd81d4b8a7d9e72dcebd1002917d60b208898/packages/backend/native/LICENSE,5a644f9defc017ffd484413598d1edf65bc78718e4011ac33a0e1fcae629e25d
affine,60acd81d4b8a7d9e72dcebd1002917d60b208898,packages/backend/server/LICENSE,https://github.com/toeverything/AFFiNE/blob/60acd81d4b8a7d9e72dcebd1002917d60b208898/packages/backend/server/LICENSE,5a644f9defc017ffd484413598d1edf65bc78718e4011ac33a0e1fcae629e25d
cal.com,fb364971fadc1a6796e739956200f12af74e565c,LICENSE,https://github.com/calcom/cal.com/blob/fb364971fadc1a6796e739956200f12af74e565c/LICENSE,c9994f45ec2263f363fe66c457b5ce3bdcb139982a271dd102406ce279f6f676
cal.com,fb364971fadc1a6796e739956200f12af74e565c,apps/api/v1/LICENSE,https://github.com/calcom/cal.com/blob/fb364971fadc1a6796e739956200f12af74e565c/apps/api/v1/LICENSE,07e5244ee0e931046bee2de8f681c7626361f7a2efcc68de9ded3e25412bd988
cal.com,fb364971fadc1a6796e739956200f12af74e565c,apps/api/v2/src/ee/LICENSE,https://github.com/calcom/cal.com/blob/fb364971fadc1a6796e739956200f12af74e565c/apps/api/v2/src/ee/LICENSE,f282b9be2443b1407a6e5454fa69df1ebd2b3edbcf861e50ed15b250284bf5fd
cal.com,fb364971fadc1a6796e739956200f12af74e565c,packages/app-store/stripepayment/LICENSE,https://github.com/calcom/cal.com/blob/fb364971fadc1a6796e739956200f12af74e565c/packages/app-store/stripepayment/LICENSE,1f550bcb34eaa15b7f1343a1b404b8ba5e46d2dfe9d813f6e86ce6c6f66fc5cf
cal.com,fb364971fadc1a6796e739956200f12af74e565c,packages/embeds/embed-core/LICENSE,https://github.com/calcom/cal.com/blob/fb364971fadc1a6796e739956200f12af74e565c/packages/embeds/embed-core/LICENSE,d65f049d0771ecdc6a66e4394725932411a693d3dab99f5ad9bb08fe2141eed0
cal.com,fb364971fadc1a6796e739956200f12af74e565c,packages/features/ee/LICENSE,https://github.com/calcom/cal.com/blob/fb364971fadc1a6796e739956200f12af74e565c/packages/features/ee/LICENSE,07e5244ee0e931046bee2de8f681c7626361f7a2efcc68de9ded3e25412bd988
chatwoot,ed0e87405cfaa8a5cb831cfebde21749d9d58e66,LICENSE,https://github.com/chatwoot/chatwoot/blob/ed0e87405cfaa8a5cb831cfebde21749d9d58e66/LICENSE,d3249cf0e8777c422cdbd762572679150f612e74279b42df09de5429468d2493
chatwoot,ed0e87405cfaa8a5cb831cfebde21749d9d58e66,enterprise/LICENSE,https://github.com/chatwoot/chatwoot/blob/ed0e87405cfaa8a5cb831cfebde21749d9d58e66/enterprise/LICENSE,bd975f22fe130f283a71654643cbc58a0a8955b0e34f1bd282b1e92b3eb3ae49
directus,0e0a7b5259bbaee6a33994ee300a39df87506fe2,api/license,https://github.com/directus/directus/blob/0e0a7b5259bbaee6a33994ee300a39df87506fe2/api/license,d4bab52167cfc1bd88410e33440cb8231c4feee1f419ea1ef0d25e347f7e6921
directus,0e0a7b5259bbaee6a33994ee300a39df87506fe2,app/license,https://github.com/directus/directus/blob/0e0a7b5259bbaee6a33994ee300a39df87506fe2/app/license,d4bab52167cfc1bd88410e33440cb8231c4feee1f419ea1ef0d25e347f7e6921
directus,0e0a7b5259bbaee6a33994ee300a39df87506fe2,license,https://github.com/directus/directus/blob/0e0a7b5259bbaee6a33994ee300a39df87506fe2/license,d4bab52167cfc1bd88410e33440cb8231c4feee1f419ea1ef0d25e347f7e6921
directus,0e0a7b5259bbaee6a33994ee300a39df87506fe2,packages/composables/license,https://github.com/directus/directus/blob/0e0a7b5259bbaee6a33994ee300a39df87506fe2/packages/composables/license,61391e14bda5ff46e7c17a413d54b35d32992899f70cc8fcb7b5cab41a4f06f2
directus,0e0a7b5259bbaee6a33994ee300a39df87506fe2,packages/constants/license,https://github.com/directus/directus/blob/0e0a7b5259bbaee6a33994ee300a39df87506fe2/packages/constants/license,61391e14bda5ff46e7c17a413d54b35d32992899f70cc8fcb7b5cab41a4f06f2
directus,0e0a7b5259bbaee6a33994ee300a39df87506fe2,packages/env/license,https://github.com/directus/directus/blob/0e0a7b5259bbaee6a33994ee300a39df87506fe2/packages/env/license,61391e14bda5ff46e7c17a413d54b35d32992899f70cc8fcb7b5cab41a4f06f2
directus,0e0a7b5259bbaee6a33994ee300a39df87506fe2,packages/errors/license,https://github.com/directus/directus/blob/0e0a7b5259bbaee6a33994ee300a39df87506fe2/packages/errors/license,61391e14bda5ff46e7c17a413d54b35d32992899f70cc8fcb7b5cab41a4f06f2
directus,0e0a7b5259bbaee6a33994ee300a39df87506fe2,packages/extensions-registry/license,https://github.com/directus/directus/blob/0e0a7b5259bbaee6a33994ee300a39df87506fe2/packages/extensions-registry/license,61391e14bda5ff46e7c17a413d54b35d32992899f70cc8fcb7b5cab41a4f06f2
directus,0e0a7b5259bbaee6a33994ee300a39df87506fe2,packages/extensions-sdk/license,https://github.com/directus/directus/blob/0e0a7b5259bbaee6a33994ee300a39df87506fe2/packages/extensions-sdk/license,61391e14bda5ff46e7c17a413d54b35d32992899f70cc8fcb7b5cab41a4f06f2
directus,0e0a7b5259bbaee6a33994ee300a39df87506fe2,packages/format-title/license,https://github.com/directus/directus/blob/0e0a7b5259bbaee6a33994ee300a39df87506fe2/packages/format-title/license,61391e14bda5ff46e7c17a413d54b35d32992899f70cc8fcb7b5cab41a4f06f2
directus,0e0a7b5259bbaee6a33994ee300a39df87506fe2,packages/memory/license,https://github.com/directus/directus/blob/0e0a7b5259bbaee6a33994ee300a39df87506fe2/packages/memory/license,61391e14bda5ff46e7c17a413d54b35d32992899f70cc8fcb7b5cab41a4f06f2
directus,0e0a7b5259bbaee6a33994ee300a39df87506fe2,packages/pressure/license,https://github.com/directus/directus/blob/0e0a7b5259bbaee6a33994ee300a39df87506fe2/packages/pressure/license,61391e14bda5ff46e7c17a413d54b35d32992899f70cc8fcb7b5cab41a4f06f2
directus,0e0a7b5259bbaee6a33994ee300a39df87506fe2,packages/schema-builder/license,https://github.com/directus/directus/blob/0e0a7b5259bbaee6a33994ee300a39df87506fe2/packages/schema-builder/license,d4bab52167cfc1bd88410e33440cb8231c4feee1f419ea1ef0d25e347f7e6921
directus,0e0a7b5259bbaee6a33994ee300a39df87506fe2,packages/schema/license,https://github.com/directus/directus/blob/0e0a7b5259bbaee6a33994ee300a39df87506fe2/packages/schema/license,d4bab52167cfc1bd88410e33440cb8231c4feee1f419ea1ef0d25e347f7e6921
directus,0e0a7b5259bbaee6a33994ee300a39df87506fe2,packages/storage-driver-azure/license,https://github.com/directus/directus/blob/0e0a7b5259bbaee6a33994ee300a39df87506fe2/packages/storage-driver-azure/license,d4bab52167cfc1bd88410e33440cb8231c4feee1f419ea1ef0d25e347f7e6921
directus,0e0a7b5259bbaee6a33994ee300a39df87506fe2,packages/storage-driver-cloudinary/license,https://github.com/directus/directus/blob/0e0a7b5259bbaee6a33994ee300a39df87506fe2/packages/storage-driver-cloudinary/license,d4bab52167cfc1bd88410e33440cb8231c4feee1f419ea1ef0d25e347f7e6921
directus,0e0a7b5259bbaee6a33994ee300a39df87506fe2,packages/storage-driver-gcs/license,https://github.com/directus/directus/blob/0e0a7b5259bbaee6a33994ee300a39df87506fe2/packages/storage-driver-gcs/license,d4bab52167cfc1bd88410e33440cb8231c4feee1f419ea1ef0d25e347f7e6921
directus,0e0a7b5259bbaee6a33994ee300a39df87506fe2,packages/storage-driver-local/license,https://github.com/directus/directus/blob/0e0a7b5259bbaee6a33994ee300a39df87506fe2/packages/storage-driver-local/license,d4bab52167cfc1bd88410e33440cb8231c4feee1f419ea1ef0d25e347f7e6921
directus,0e0a7b5259bbaee6a33994ee300a39df87506fe2,packages/storage-driver-s3/license,https://github.com/directus/directus/blob/0e0a7b5259bbaee6a33994ee300a39df87506fe2/packages/storage-driver-s3/license,d4bab52167cfc1bd88410e33440cb8231c4feee1f419ea1ef0d25e347f7e6921
directus,0e0a7b5259bbaee6a33994ee300a39df87506fe2,packages/storage-driver-supabase/license,https://github.com/directus/directus/blob/0e0a7b5259bbaee6a33994ee300a39df87506fe2/packages/storage-driver-supabase/license,d4bab52167cfc1bd88410e33440cb8231c4feee1f419ea1ef0d25e347f7e6921
directus,0e0a7b5259bbaee6a33994ee300a39df87506fe2,packages/storage/license,https://github.com/directus/directus/blob/0e0a7b5259bbaee6a33994ee300a39df87506fe2/packages/storage/license,d4bab52167cfc1bd88410e33440cb8231c4feee1f419ea1ef0d25e347f7e6921
directus,0e0a7b5259bbaee6a33994ee300a39df87506fe2,packages/system-data/license,https://github.com/directus/directus/blob/0e0a7b5259bbaee6a33994ee300a39df87506fe2/packages/system-data/license,61391e14bda5ff46e7c17a413d54b35d32992899f70cc8fcb7b5cab41a4f06f2
directus,0e0a7b5259bbaee6a33994ee300a39df87506fe2,packages/themes/license,https://github.com/directus/directus/blob/0e0a7b5259bbaee6a33994ee300a39df87506fe2/packages/themes/license,61391e14bda5ff46e7c17a413d54b35d32992899f70cc8fcb7b5cab41a4f06f2
directus,0e0a7b5259bbaee6a33994ee300a39df87506fe2,packages/types/license,https://github.com/directus/directus/blob/0e0a7b5259bbaee6a33994ee300a39df87506fe2/packages/types/license,61391e14bda5ff46e7c17a413d54b35d32992899f70cc8fcb7b5cab41a4f06f2
directus,0e0a7b5259bbaee6a33994ee300a39df87506fe2,packages/utils/license,https://github.com/directus/directus/blob/0e0a7b5259bbaee6a33994ee300a39df87506fe2/packages/utils/license,61391e14bda5ff46e7c17a413d54b35d32992899f70cc8fcb7b5cab41a4f06f2
directus,0e0a7b5259bbaee6a33994ee300a39df87506fe2,packages/validation/license,https://github.com/directus/directus/blob/0e0a7b5259bbaee6a33994ee300a39df87506fe2/packages/validation/license,61391e14bda5ff46e7c17a413d54b35d32992899f70cc8fcb7b5cab41a4f06f2
directus,0e0a7b5259bbaee6a33994ee300a39df87506fe2,sdk/license,https://github.com/directus/directus/blob/0e0a7b5259bbaee6a33994ee300a39df87506fe2/sdk/license,61391e14bda5ff46e7c17a413d54b35d32992899f70cc8fcb7b5cab41a4f06f2
documenso,bac2bf11f415ea8ac44e4716832c5e03440deec9,LICENSE,https://github.com/documenso/documenso/blob/bac2bf11f415ea8ac44e4716832c5e03440deec9/LICENSE,8486a10c4393cee1c25392769ddd3b2d6c242d6ec7928e1414efff7dfb2f07ef
documenso,bac2bf11f415ea8ac44e4716832c5e03440deec9,packages/ee/LICENSE,https://github.com/documenso/documenso/blob/bac2bf11f415ea8ac44e4716832c5e03440deec9/packages/ee/LICENSE,5e97690e7c286209018dd903d3bcc8c7dde1729f6afa745653f67037041076c1
formbricks,b3c16c87319e03381cdf66eff03ff63ffbb5bcc5,LICENSE,https://github.com/formbricks/formbricks/blob/b3c16c87319e03381cdf66eff03ff63ffbb5bcc5/LICENSE,4df0924663a08fbc0d591f6ae39069dcabd913af382b87011055569dea177770
formbricks,b3c16c87319e03381cdf66eff03ff63ffbb5bcc5,apps/web/modules/ee/LICENSE,https://github.com/formbricks/formbricks/blob/b3c16c87319e03381cdf66eff03ff63ffbb5bcc5/apps/web/modules/ee/LICENSE,b5ea61ecb7fc7a6105cdd71196fbbc972f462f9b261ace31929d063e328fa183
formkit,460db8c299c34e3e79d3e9a29f4432b2db17a2d8,LICENSE,https://github.com/formkit/formkit/blob/460db8c299c34e3e79d3e9a29f4432b2db17a2d8/LICENSE,467e8e6c9bfe1bbd969be501b6b293fb01c5b71634c63e4e784a4d43a2b26381
formkit,460db8c299c34e3e79d3e9a29f4432b2db17a2d8,packages/addons/LICENSE,https://github.com/formkit/formkit/blob/460db8c299c34e3e79d3e9a29f4432b2db17a2d8/packages/addons/LICENSE,58a9e6dd498f6c6b535b825c5d702b2aa2bba86923f01f83782bd5c588893ce0
formkit,460db8c299c34e3e79d3e9a29f4432b2db17a2d8,packages/cli/LICENSE,https://github.com/formkit/formkit/blob/460db8c299c34e3e79d3e9a29f4432b2db17a2d8/packages/cli/LICENSE,4cf70e21c1b48a8e1e8c2a5149ead9c880bf1c7784c081c7458d506a255d5760
formkit,460db8c299c34e3e79d3e9a29f4432b2db17a2d8,packages/core/LICENSE,https://github.com/formkit/formkit/blob/460db8c299c34e3e79d3e9a29f4432b2db17a2d8/packages/core/LICENSE,58a9e6dd498f6c6b535b825c5d702b2aa2bba86923f01f83782bd5c588893ce0
formkit,460db8c299c34e3e79d3e9a29f4432b2db17a2d8,packages/i18n/LICENSE,https://github.com/formkit/formkit/blob/460db8c299c34e3e79d3e9a29f4432b2db17a2d8/packages/i18n/LICENSE,58a9e6dd498f6c6b535b825c5d702b2aa2bba86923f01f83782bd5c588893ce0
formkit,460db8c299c34e3e79d3e9a29f4432b2db17a2d8,packages/icons/LICENSE,https://github.com/formkit/formkit/blob/460db8c299c34e3e79d3e9a29f4432b2db17a2d8/packages/icons/LICENSE,58a9e6dd498f6c6b535b825c5d702b2aa2bba86923f01f83782bd5c588893ce0
formkit,460db8c299c34e3e79d3e9a29f4432b2db17a2d8,packages/inputs/LICENSE,https://github.com/formkit/formkit/blob/460db8c299c34e3e79d3e9a29f4432b2db17a2d8/packages/inputs/LICENSE,58a9e6dd498f6c6b535b825c5d702b2aa2bba86923f01f83782bd5c588893ce0
formkit,460db8c299c34e3e79d3e9a29f4432b2db17a2d8,packages/nuxt/LICENSE,https://github.com/formkit/formkit/blob/460db8c299c34e3e79d3e9a29f4432b2db17a2d8/packages/nuxt/LICENSE,58a9e6dd498f6c6b535b825c5d702b2aa2bba86923f01f83782bd5c588893ce0
formkit,460db8c299c34e3e79d3e9a29f4432b2db17a2d8,packages/observer/LICENSE,https://github.com/formkit/formkit/blob/460db8c299c34e3e79d3e9a29f4432b2db17a2d8/packages/observer/LICENSE,58a9e6dd498f6c6b535b825c5d702b2aa2bba86923f01f83782bd5c588893ce0
formkit,460db8c299c34e3e79d3e9a29f4432b2db17a2d8,packages/rules/LICENSE,https://github.com/formkit/formkit/blob/460db8c299c34e3e79d3e9a29f4432b2db17a2d8/packages/rules/LICENSE,58a9e6dd498f6c6b535b825c5d702b2aa2bba86923f01f83782bd5c588893ce0
formkit,460db8c299c34e3e79d3e9a29f4432b2db17a2d8,packages/themes/LICENSE,https://github.com/formkit/formkit/blob/460db8c299c34e3e79d3e9a29f4432b2db17a2d8/packages/themes/LICENSE,58a9e6dd498f6c6b535b825c5d702b2aa2bba86923f01f83782bd5c588893ce0
formkit,460db8c299c34e3e79d3e9a29f4432b2db17a2d8,packages/validation/LICENSE,https://github.com/formkit/formkit/blob/460db8c299c34e3e79d3e9a29f4432b2db17a2d8/packages/validation/LICENSE,58a9e6dd498f6c6b535b825c5d702b2aa2bba86923f01f83782bd5c588893ce0
formkit,460db8c299c34e3e79d3e9a29f4432b2db17a2d8,packages/vue/LICENSE,https://github.com/formkit/formkit/blob/460db8c299c34e3e79d3e9a29f4432b2db17a2d8/packages/vue/LICENSE,58a9e6dd498f6c6b535b825c5d702b2aa2bba86923f01f83782bd5c588893ce0
grafana,3a73f665ee44c237f10292c40d66d07cd7403510,LICENSE,https://github.com/grafana/grafana/blob/3a73f665ee44c237f10292c40d66d07cd7403510/LICENSE,0d96a4ff68ad6d4b6f1f30f713b18d5184912ba8dd389f86aa7710db079abcb0
grafana,3a73f665ee44c237f10292c40d66d07cd7403510,NOTICE.md,https://github.com/grafana/grafana/blob/3a73f665ee44c237f10292c40d66d07cd7403510/NOTICE.md,78cf8b70fbfde43dbc26e91f9b9039b52afcbc5ca0b5b3dcdfb226d275849ee4
grafana,3a73f665ee44c237f10292c40d66d07cd7403510,packages/grafana-api-clients/LICENSE_APACHE2,https://github.com/grafana/grafana/blob/3a73f665ee44c237f10292c40d66d07cd7403510/packages/grafana-api-clients/LICENSE_APACHE2,7486ea148c36b1bd8608aeba83584f242acd880d97db00fa657c88a962316777
grafana,3a73f665ee44c237f10292c40d66d07cd7403510,packages/grafana-data/LICENSE_APACHE2,https://github.com/grafana/grafana/blob/3a73f665ee44c237f10292c40d66d07cd7403510/packages/grafana-data/LICENSE_APACHE2,7486ea148c36b1bd8608aeba83584f242acd880d97db00fa657c88a962316777
grafana,3a73f665ee44c237f10292c40d66d07cd7403510,packages/grafana-e2e-selectors/LICENSE_APACHE2,https://github.com/grafana/grafana/blob/3a73f665ee44c237f10292c40d66d07cd7403510/packages/grafana-e2e-selectors/LICENSE_APACHE2,7486ea148c36b1bd8608aeba83584f242acd880d97db00fa657c88a962316777
grafana,3a73f665ee44c237f10292c40d66d07cd7403510,packages/grafana-eslint-rules/LICENSE_APACHE2,https://github.com/grafana/grafana/blob/3a73f665ee44c237f10292c40d66d07cd7403510/packages/grafana-eslint-rules/LICENSE_APACHE2,7486ea148c36b1bd8608aeba83584f242acd880d97db00fa657c88a962316777
grafana,3a73f665ee44c237f10292c40d66d07cd7403510,packages/grafana-i18n/LICENSE_APACHE2,https://github.com/grafana/grafana/blob/3a73f665ee44c237f10292c40d66d07cd7403510/packages/grafana-i18n/LICENSE_APACHE2,7486ea148c36b1bd8608aeba83584f242acd880d97db00fa657c88a962316777
grafana,3a73f665ee44c237f10292c40d66d07cd7403510,packages/grafana-runtime/LICENSE_APACHE2,https://github.com/grafana/grafana/blob/3a73f665ee44c237f10292c40d66d07cd7403510/packages/grafana-runtime/LICENSE_APACHE2,7486ea148c36b1bd8608aeba83584f242acd880d97db00fa657c88a962316777
grafana,3a73f665ee44c237f10292c40d66d07cd7403510,packages/grafana-schema/LICENSE_APACHE2,https://github.com/grafana/grafana/blob/3a73f665ee44c237f10292c40d66d07cd7403510/packages/grafana-schema/LICENSE_APACHE2,7486ea148c36b1bd8608aeba83584f242acd880d97db00fa657c88a962316777
grafana,3a73f665ee44c237f10292c40d66d07cd7403510,packages/grafana-test-utils/LICENSE_APACHE2,https://github.com/grafana/grafana/blob/3a73f665ee44c237f10292c40d66d07cd7403510/packages/grafana-test-utils/LICENSE_APACHE2,7486ea148c36b1bd8608aeba83584f242acd880d97db00fa657c88a962316777
grafana,3a73f665ee44c237f10292c40d66d07cd7403510,packages/grafana-ui/LICENSE_APACHE2,https://github.com/grafana/grafana/blob/3a73f665ee44c237f10292c40d66d07cd7403510/packages/grafana-ui/LICENSE_APACHE2,7486ea148c36b1bd8608aeba83584f242acd880d97db00fa657c88a962316777
hoppscotch,0ce64684340e75fa2a979c107668441302b0318c,LICENSE,https://github.com/hoppscotch/hoppscotch/blob/0ce64684340e75fa2a979c107668441302b0318c/LICENSE,a5e6ddb3af783a02eacc848cbe309cc0940b4859ac653e9b1a2e21a4fea22552
hoppscotch,0ce64684340e75fa2a979c107668441302b0318c,packages/hoppscotch-desktop/plugin-workspace/tauri-plugin-appload/LICENSE.md,https://github.com/hoppscotch/hoppscotch/blob/0ce64684340e75fa2a979c107668441302b0318c/packages/hoppscotch-desktop/plugin-workspace/tauri-plugin-appload/LICENSE.md,43c31a42bb3e8d72119f336310d9735548419607cb3fc169d6ad9f0615453344
hoppscotch,0ce64684340e75fa2a979c107668441302b0318c,packages/hoppscotch-desktop/plugin-workspace/tauri-plugin-relay/LICENSE.md,https://github.com/hoppscotch/hoppscotch/blob/0ce64684340e75fa2a979c107668441302b0318c/packages/hoppscotch-desktop/plugin-workspace/tauri-plugin-relay/LICENSE.md,614e0eada5d502fc43a63674eaac36338eb40707db6a0e723abe2959d6ad8f20
joplin,ef32d53f72fe2ed8f02fe4f671eb56957258f811,Assets/LICENSE,https://github.com/laurent22/joplin/blob/ef32d53f72fe2ed8f02fe4f671eb56957258f811/Assets/LICENSE,ae0a75b6d7f55747ac4cba92cc2ded34d550d3d98564b396463c79e107c50e6d
joplin,ef32d53f72fe2ed8f02fe4f671eb56957258f811,LICENSE,https://github.com/laurent22/joplin/blob/ef32d53f72fe2ed8f02fe4f671eb56957258f811/LICENSE,f6b29267fe2c4251ed95cf9c846b47774a970c5960be9eb8a409f21ffd98425e
joplin,ef32d53f72fe2ed8f02fe4f671eb56957258f811,packages/generator-joplin/LICENSE,https://github.com/laurent22/joplin/blob/ef32d53f72fe2ed8f02fe4f671eb56957258f811/packages/generator-joplin/LICENSE,874fbcf631bb7004952a181e853640099406d6c8701c71616c7668014bdaff2f
joplin,ef32d53f72fe2ed8f02fe4f671eb56957258f811,packages/server/LICENSE.md,https://github.com/laurent22/joplin/blob/ef32d53f72fe2ed8f02fe4f671eb56957258f811/packages/server/LICENSE.md,25e725ab3ea0342d6c723b8cc1b5c327e1e1fc86bec0f09d3fde1f74ffd81deb
joplin,ef32d53f72fe2ed8f02fe4f671eb56957258f811,packages/turndown-plugin-gfm/LICENSE,https://github.com/laurent22/joplin/blob/ef32d53f72fe2ed8f02fe4f671eb56957258f811/packages/turndown-plugin-gfm/LICENSE,a055e3a15db4b4cbb5af381230eba085603126d7d5d8c4dae45ee85b877a9729
joplin,ef32d53f72fe2ed8f02fe4f671eb56957258f811,packages/turndown/LICENSE,https://github.com/laurent22/joplin/blob/ef32d53f72fe2ed8f02fe4f671eb56957258f811/packages/turndown/LICENSE,a055e3a15db4b4cbb5af381230eba085603126d7d5d8c4dae45ee85b877a9729
medusa,237b472e7331e25b67c81e2e13e113247964ce56,LICENSE,https://github.com/medusajs/medusa/blob/237b472e7331e25b67c81e2e13e113247964ce56/LICENSE,f792b19e548b936c2a9a8e489e2f21e3b5a91e482910c57d9c9508f8933789af
medusa,237b472e7331e25b67c81e2e13e113247964ce56,packages/design-system/icons/LICENSE,https://github.com/medusajs/medusa/blob/237b472e7331e25b67c81e2e13e113247964ce56/packages/design-system/icons/LICENSE,e2058c0858b14c1813ee09ea991d97f6aa153fcd60eeb7174d736c19bbbef06d
medusa,237b472e7331e25b67c81e2e13e113247964ce56,packages/design-system/ui/LICENSE,https://github.com/medusajs/medusa/blob/237b472e7331e25b67c81e2e13e113247964ce56/packages/design-system/ui/LICENSE,e2058c0858b14c1813ee09ea991d97f6aa153fcd60eeb7174d736c19bbbef06d
payload,9239164e840982e6b638a19fe185f76233bdce1b,LICENSE.md,https://github.com/payloadcms/payload/blob/9239164e840982e6b638a19fe185f76233bdce1b/LICENSE.md,f5622f480e4419ef6be7691d4b04521a5f18365ddedb9a160e92a4b365e94ecd
payload,9239164e840982e6b638a19fe185f76233bdce1b,packages/create-payload-app/LICENSE.md,https://github.com/payloadcms/payload/blob/9239164e840982e6b638a19fe185f76233bdce1b/packages/create-payload-app/LICENSE.md,f5622f480e4419ef6be7691d4b04521a5f18365ddedb9a160e92a4b365e94ecd
payload,9239164e840982e6b638a19fe185f76233bdce1b,packages/db-mongodb/LICENSE.md,https://github.com/payloadcms/payload/blob/9239164e840982e6b638a19fe185f76233bdce1b/packages/db-mongodb/LICENSE.md,f5622f480e4419ef6be7691d4b04521a5f18365ddedb9a160e92a4b365e94ecd
payload,9239164e840982e6b638a19fe185f76233bdce1b,packages/drizzle/LICENSE.md,https://github.com/payloadcms/payload/blob/9239164e840982e6b638a19fe185f76233bdce1b/packages/drizzle/LICENSE.md,f5622f480e4419ef6be7691d4b04521a5f18365ddedb9a160e92a4b365e94ecd
payload,9239164e840982e6b638a19fe185f76233bdce1b,packages/eslint-plugin/LICENSE.md,https://github.com/payloadcms/payload/blob/9239164e840982e6b638a19fe185f76233bdce1b/packages/eslint-plugin/LICENSE.md,f5622f480e4419ef6be7691d4b04521a5f18365ddedb9a160e92a4b365e94ecd
payload,9239164e840982e6b638a19fe185f76233bdce1b,packages/graphql/LICENSE.md,https://github.com/payloadcms/payload/blob/9239164e840982e6b638a19fe185f76233bdce1b/packages/graphql/LICENSE.md,f5622f480e4419ef6be7691d4b04521a5f18365ddedb9a160e92a4b365e94ecd
payload,9239164e840982e6b638a19fe185f76233bdce1b,packages/next/LICENSE.md,https://github.com/payloadcms/payload/blob/9239164e840982e6b638a19fe185f76233bdce1b/packages/next/LICENSE.md,f5622f480e4419ef6be7691d4b04521a5f18365ddedb9a160e92a4b365e94ecd
payload,9239164e840982e6b638a19fe185f76233bdce1b,packages/payload-cloud/LICENSE.md,https://github.com/payloadcms/payload/blob/9239164e840982e6b638a19fe185f76233bdce1b/packages/payload-cloud/LICENSE.md,f5622f480e4419ef6be7691d4b04521a5f18365ddedb9a160e92a4b365e94ecd
payload,9239164e840982e6b638a19fe185f76233bdce1b,packages/payload/LICENSE.md,https://github.com/payloadcms/payload/blob/9239164e840982e6b638a19fe185f76233bdce1b/packages/payload/LICENSE.md,f5622f480e4419ef6be7691d4b04521a5f18365ddedb9a160e92a4b365e94ecd
payload,9239164e840982e6b638a19fe185f76233bdce1b,packages/payload/src/uploads/fetchAPI-multipart/LICENSE.md,https://github.com/payloadcms/payload/blob/9239164e840982e6b638a19fe185f76233bdce1b/packages/payload/src/uploads/fetchAPI-multipart/LICENSE.md,03de4072d79eded5574d092a7619214ceab73406db3a58f8ead4c6602b54a77a
payload,9239164e840982e6b638a19fe185f76233bdce1b,packages/plugin-cloud-storage/LICENSE.md,https://github.com/payloadcms/payload/blob/9239164e840982e6b638a19fe185f76233bdce1b/packages/plugin-cloud-storage/LICENSE.md,f5622f480e4419ef6be7691d4b04521a5f18365ddedb9a160e92a4b365e94ecd
payload,9239164e840982e6b638a19fe185f76233bdce1b,packages/plugin-ecommerce/LICENSE.md,https://github.com/payloadcms/payload/blob/9239164e840982e6b638a19fe185f76233bdce1b/packages/plugin-ecommerce/LICENSE.md,f5622f480e4419ef6be7691d4b04521a5f18365ddedb9a160e92a4b365e94ecd
payload,9239164e840982e6b638a19fe185f76233bdce1b,packages/plugin-import-export/license.md,https://github.com/payloadcms/payload/blob/9239164e840982e6b638a19fe185f76233bdce1b/packages/plugin-import-export/license.md,1afd7aecd7c30356630e7566857d4f2dd7d3df80a5aa53bf33dc25a2edbd9c3b
payload,9239164e840982e6b638a19fe185f76233bdce1b,packages/plugin-mcp/LICENSE.md,https://github.com/payloadcms/payload/blob/9239164e840982e6b638a19fe185f76233bdce1b/packages/plugin-mcp/LICENSE.md,1afd7aecd7c30356630e7566857d4f2dd7d3df80a5aa53bf33dc25a2edbd9c3b
payload,9239164e840982e6b638a19fe185f76233bdce1b,packages/plugin-multi-tenant/LICENSE.md,https://github.com/payloadcms/payload/blob/9239164e840982e6b638a19fe185f76233bdce1b/packages/plugin-multi-tenant/LICENSE.md,1afd7aecd7c30356630e7566857d4f2dd7d3df80a5aa53bf33dc25a2edbd9c3b
payload,9239164e840982e6b638a19fe185f76233bdce1b,packages/richtext-lexical/LICENSE.md,https://github.com/payloadcms/payload/blob/9239164e840982e6b638a19fe185f76233bdce1b/packages/richtext-lexical/LICENSE.md,f09692d993a276e25e4bbd0034fa726b14e888f3a0157253a7db53f4747dce1a
payload,9239164e840982e6b638a19fe185f76233bdce1b,packages/storage-azure/LICENSE.md,https://github.com/payloadcms/payload/blob/9239164e840982e6b638a19fe185f76233bdce1b/packages/storage-azure/LICENSE.md,f5622f480e4419ef6be7691d4b04521a5f18365ddedb9a160e92a4b365e94ecd
payload,9239164e840982e6b638a19fe185f76233bdce1b,packages/storage-gcs/LICENSE.md,https://github.com/payloadcms/payload/blob/9239164e840982e6b638a19fe185f76233bdce1b/packages/storage-gcs/LICENSE.md,f5622f480e4419ef6be7691d4b04521a5f18365ddedb9a160e92a4b365e94ecd
payload,9239164e840982e6b638a19fe185f76233bdce1b,packages/storage-r2/LICENSE.md,https://github.com/payloadcms/payload/blob/9239164e840982e6b638a19fe185f76233bdce1b/packages/storage-r2/LICENSE.md,f5622f480e4419ef6be7691d4b04521a5f18365ddedb9a160e92a4b365e94ecd
payload,9239164e840982e6b638a19fe185f76233bdce1b,packages/storage-s3/LICENSE.md,https://github.com/payloadcms/payload/blob/9239164e840982e6b638a19fe185f76233bdce1b/packages/storage-s3/LICENSE.md,f5622f480e4419ef6be7691d4b04521a5f18365ddedb9a160e92a4b365e94ecd
payload,9239164e840982e6b638a19fe185f76233bdce1b,packages/storage-uploadthing/LICENSE.md,https://github.com/payloadcms/payload/blob/9239164e840982e6b638a19fe185f76233bdce1b/packages/storage-uploadthing/LICENSE.md,f5622f480e4419ef6be7691d4b04521a5f18365ddedb9a160e92a4b365e94ecd
payload,9239164e840982e6b638a19fe185f76233bdce1b,packages/storage-vercel-blob/LICENSE.md,https://github.com/payloadcms/payload/blob/9239164e840982e6b638a19fe185f76233bdce1b/packages/storage-vercel-blob/LICENSE.md,f5622f480e4419ef6be7691d4b04521a5f18365ddedb9a160e92a4b365e94ecd
payload,9239164e840982e6b638a19fe185f76233bdce1b,packages/translations/LICENSE.md,https://github.com/payloadcms/payload/blob/9239164e840982e6b638a19fe185f76233bdce1b/packages/translations/LICENSE.md,f5622f480e4419ef6be7691d4b04521a5f18365ddedb9a160e92a4b365e94ecd
payload,9239164e840982e6b638a19fe185f76233bdce1b,packages/ui/LICENSE.md,https://github.com/payloadcms/payload/blob/9239164e840982e6b638a19fe185f76233bdce1b/packages/ui/LICENSE.md,f5622f480e4419ef6be7691d4b04521a5f18365ddedb9a160e92a4b365e94ecd
payload,9239164e840982e6b638a19fe185f76233bdce1b,tools/releaser/LICENSE,https://github.com/payloadcms/payload/blob/9239164e840982e6b638a19fe185f76233bdce1b/tools/releaser/LICENSE,f5622f480e4419ef6be7691d4b04521a5f18365ddedb9a160e92a4b365e94ecd
rallly,becb1d4bb0db8cfafa308942fad5c1dc1212b207,LICENSE,https://github.com/lukevella/rallly/blob/becb1d4bb0db8cfafa308942fad5c1dc1212b207/LICENSE,db52e3daad9260a1cc638efaf3f6b7a6bdead236365586a60078a9a287613037
requestly,6f5588c5c15abf8e959a1d5fe1ce5f40f813f389,LICENSE,https://github.com/requestly/requestly/blob/6f5588c5c15abf8e959a1d5fe1ce5f40f813f389/LICENSE,e1a8faf266a37b8742bb1ec1ac542f8836872a30093f2029fc104c769e349cc9
requestly,6f5588c5c15abf8e959a1d5fe1ce5f40f813f389,ee/LICENSE,https://github.com/requestly/requestly/blob/6f5588c5c15abf8e959a1d5fe1ce5f40f813f389/ee/LICENSE,048a5079a8805e5517be122f5df2ef13c1ec1e598829493e6d841a3eb6f6fd53
rocketchat,2356c889ed82507e1dd1208fab6d4ab186701fef,LICENSE,https://github.com/RocketChat/Rocket.Chat/blob/2356c889ed82507e1dd1208fab6d4ab186701fef/LICENSE,ba8df3ebff765ceaa3e1dafb4042b7585204a0ac010f3251421ca5347c84f6fe
rocketchat,2356c889ed82507e1dd1208fab6d4ab186701fef,apps/meteor/ee/LICENSE,https://github.com/RocketChat/Rocket.Chat/blob/2356c889ed82507e1dd1208fab6d4ab186701fef/apps/meteor/ee/LICENSE,5a7dfea97d42171ff9765e26092060101636bab0b3b1cfe39bb432905dd60027
rocketchat,2356c889ed82507e1dd1208fab6d4ab186701fef,packages/apps-engine/src/definition/LICENSE,https://github.com/RocketChat/Rocket.Chat/blob/2356c889ed82507e1dd1208fab6d4ab186701fef/packages/apps-engine/src/definition/LICENSE,0197b573033269bed848c1451f897ecaaca49b9ca3a2ece454509e6bf07fa2aa
rocketchat,2356c889ed82507e1dd1208fab6d4ab186701fef,packages/ddp-client/LICENSE,https://github.com/RocketChat/Rocket.Chat/blob/2356c889ed82507e1dd1208fab6d4ab186701fef/packages/ddp-client/LICENSE,81f662b690ef122e08baf794fa1842b50f5571c57182f28a1ce408c12a03ee6d
rocketchat,2356c889ed82507e1dd1208fab6d4ab186701fef,packages/livechat/LICENSE,https://github.com/RocketChat/Rocket.Chat/blob/2356c889ed82507e1dd1208fab6d4ab186701fef/packages/livechat/LICENSE,782ac86b90a88da6a33e7f4d880d7dbff44ce1e2a973dd8239a2785943f30670
saleor,44bcc083f9907d757a051b6e05a1ed5c66068c6e,LICENSE,https://github.com/saleor/saleor-dashboard/blob/44bcc083f9907d757a051b6e05a1ed5c66068c6e/LICENSE,2723d1248394da475804b33008b525d8f40d0d1a9c12c6f43a200fbf5bac9c56
storybook,57a3301edd2c1fe57d1fbe13cebd954f70131bdb,LICENSE,https://github.com/storybookjs/storybook/blob/57a3301edd2c1fe57d1fbe13cebd954f70131bdb/LICENSE,bc90586179d44dcb313a9a289d687a2f26226303b2066bd21dbefd2378e894e5
strapi,7861fc41cbe5094cefdd3a1f341c466b069678ce,LICENSE,https://github.com/strapi/strapi/blob/7861fc41cbe5094cefdd3a1f341c466b069678ce/LICENSE,b651f49834c5726917e473ceab038d25e1115041374b615ff5d1688e7403d36d
strapi,7861fc41cbe5094cefdd3a1f341c466b069678ce,packages/admin-test-utils/LICENSE,https://github.com/strapi/strapi/blob/7861fc41cbe5094cefdd3a1f341c466b069678ce/packages/admin-test-utils/LICENSE,fd1970802135922bba6864837c6b267e64276be28e35d6d7c7dcb6e7dbb27c00
strapi,7861fc41cbe5094cefdd3a1f341c466b069678ce,packages/cli/cloud/LICENSE,https://github.com/strapi/strapi/blob/7861fc41cbe5094cefdd3a1f341c466b069678ce/packages/cli/cloud/LICENSE,fd1970802135922bba6864837c6b267e64276be28e35d6d7c7dcb6e7dbb27c00
strapi,7861fc41cbe5094cefdd3a1f341c466b069678ce,packages/cli/create-strapi-app/LICENSE,https://github.com/strapi/strapi/blob/7861fc41cbe5094cefdd3a1f341c466b069678ce/packages/cli/create-strapi-app/LICENSE,fd1970802135922bba6864837c6b267e64276be28e35d6d7c7dcb6e7dbb27c00
strapi,7861fc41cbe5094cefdd3a1f341c466b069678ce,packages/core/admin/LICENSE,https://github.com/strapi/strapi/blob/7861fc41cbe5094cefdd3a1f341c466b069678ce/packages/core/admin/LICENSE,fd1970802135922bba6864837c6b267e64276be28e35d6d7c7dcb6e7dbb27c00
strapi,7861fc41cbe5094cefdd3a1f341c466b069678ce,packages/core/admin/ee/LICENSE,https://github.com/strapi/strapi/blob/7861fc41cbe5094cefdd3a1f341c466b069678ce/packages/core/admin/ee/LICENSE,ed26b70f49e8a4631c532e5bf1665b70efcee45cf8bc88c564ed06a616770cee
strapi,7861fc41cbe5094cefdd3a1f341c466b069678ce,packages/core/content-manager/LICENSE,https://github.com/strapi/strapi/blob/7861fc41cbe5094cefdd3a1f341c466b069678ce/packages/core/content-manager/LICENSE,fd1970802135922bba6864837c6b267e64276be28e35d6d7c7dcb6e7dbb27c00
strapi,7861fc41cbe5094cefdd3a1f341c466b069678ce,packages/core/content-manager/admin/src/history/LICENSE,https://github.com/strapi/strapi/blob/7861fc41cbe5094cefdd3a1f341c466b069678ce/packages/core/content-manager/admin/src/history/LICENSE,fbafda49b0e71ccce6e6d866124c02e860b53baf7544f8ebfc355d6a8dbf4df0
strapi,7861fc41cbe5094cefdd3a1f341c466b069678ce,packages/core/content-manager/admin/src/preview/LICENSE,https://github.com/strapi/strapi/blob/7861fc41cbe5094cefdd3a1f341c466b069678ce/packages/core/content-manager/admin/src/preview/LICENSE,fbafda49b0e71ccce6e6d866124c02e860b53baf7544f8ebfc355d6a8dbf4df0
strapi,7861fc41cbe5094cefdd3a1f341c466b069678ce,packages/core/content-manager/server/src/history/LICENSE,https://github.com/strapi/strapi/blob/7861fc41cbe5094cefdd3a1f341c466b069678ce/packages/core/content-manager/server/src/history/LICENSE,fbafda49b0e71ccce6e6d866124c02e860b53baf7544f8ebfc355d6a8dbf4df0
strapi,7861fc41cbe5094cefdd3a1f341c466b069678ce,packages/core/content-manager/server/src/preview/LICENSE,https://github.com/strapi/strapi/blob/7861fc41cbe5094cefdd3a1f341c466b069678ce/packages/core/content-manager/server/src/preview/LICENSE,fbafda49b0e71ccce6e6d866124c02e860b53baf7544f8ebfc355d6a8dbf4df0
strapi,7861fc41cbe5094cefdd3a1f341c466b069678ce,packages/core/content-releases/LICENSE,https://github.com/strapi/strapi/blob/7861fc41cbe5094cefdd3a1f341c466b069678ce/packages/core/content-releases/LICENSE,fbafda49b0e71ccce6e6d866124c02e860b53baf7544f8ebfc355d6a8dbf4df0
strapi,7861fc41cbe5094cefdd3a1f341c466b069678ce,packages/core/content-type-builder/LICENSE,https://github.com/strapi/strapi/blob/7861fc41cbe5094cefdd3a1f341c466b069678ce/packages/core/content-type-builder/LICENSE,fd1970802135922bba6864837c6b267e64276be28e35d6d7c7dcb6e7dbb27c00
strapi,7861fc41cbe5094cefdd3a1f341c466b069678ce,packages/core/core/LICENSE,https://github.com/strapi/strapi/blob/7861fc41cbe5094cefdd3a1f341c466b069678ce/packages/core/core/LICENSE,fd1970802135922bba6864837c6b267e64276be28e35d6d7c7dcb6e7dbb27c00
strapi,7861fc41cbe5094cefdd3a1f341c466b069678ce,packages/core/data-transfer/LICENSE,https://github.com/strapi/strapi/blob/7861fc41cbe5094cefdd3a1f341c466b069678ce/packages/core/data-transfer/LICENSE,fd1970802135922bba6864837c6b267e64276be28e35d6d7c7dcb6e7dbb27c00
strapi,7861fc41cbe5094cefdd3a1f341c466b069678ce,packages/core/database/LICENSE,https://github.com/strapi/strapi/blob/7861fc41cbe5094cefdd3a1f341c466b069678ce/packages/core/database/LICENSE,fd1970802135922bba6864837c6b267e64276be28e35d6d7c7dcb6e7dbb27c00
strapi,7861fc41cbe5094cefdd3a1f341c466b069678ce,packages/core/email/LICENSE,https://github.com/strapi/strapi/blob/7861fc41cbe5094cefdd3a1f341c466b069678ce/packages/core/email/LICENSE,fd1970802135922bba6864837c6b267e64276be28e35d6d7c7dcb6e7dbb27c00
strapi,7861fc41cbe5094cefdd3a1f341c466b069678ce,packages/core/openapi/LICENSE,https://github.com/strapi/strapi/blob/7861fc41cbe5094cefdd3a1f341c466b069678ce/packages/core/openapi/LICENSE,fd1970802135922bba6864837c6b267e64276be28e35d6d7c7dcb6e7dbb27c00
strapi,7861fc41cbe5094cefdd3a1f341c466b069678ce,packages/core/review-workflows/LICENSE,https://github.com/strapi/strapi/blob/7861fc41cbe5094cefdd3a1f341c466b069678ce/packages/core/review-workflows/LICENSE,fbafda49b0e71ccce6e6d866124c02e860b53baf7544f8ebfc355d6a8dbf4df0
strapi,7861fc41cbe5094cefdd3a1f341c466b069678ce,packages/core/strapi/LICENSE,https://github.com/strapi/strapi/blob/7861fc41cbe5094cefdd3a1f341c466b069678ce/packages/core/strapi/LICENSE,fd1970802135922bba6864837c6b267e64276be28e35d6d7c7dcb6e7dbb27c00
strapi,7861fc41cbe5094cefdd3a1f341c466b069678ce,packages/core/types/LICENSE,https://github.com/strapi/strapi/blob/7861fc41cbe5094cefdd3a1f341c466b069678ce/packages/core/types/LICENSE,fd1970802135922bba6864837c6b267e64276be28e35d6d7c7dcb6e7dbb27c00
strapi,7861fc41cbe5094cefdd3a1f341c466b069678ce,packages/core/upload/LICENSE,https://github.com/strapi/strapi/blob/7861fc41cbe5094cefdd3a1f341c466b069678ce/packages/core/upload/LICENSE,fd1970802135922bba6864837c6b267e64276be28e35d6d7c7dcb6e7dbb27c00
strapi,7861fc41cbe5094cefdd3a1f341c466b069678ce,packages/core/utils/LICENSE,https://github.com/strapi/strapi/blob/7861fc41cbe5094cefdd3a1f341c466b069678ce/packages/core/utils/LICENSE,fd1970802135922bba6864837c6b267e64276be28e35d6d7c7dcb6e7dbb27c00
strapi,7861fc41cbe5094cefdd3a1f341c466b069678ce,packages/plugins/color-picker/LICENSE,https://github.com/strapi/strapi/blob/7861fc41cbe5094cefdd3a1f341c466b069678ce/packages/plugins/color-picker/LICENSE,fd1970802135922bba6864837c6b267e64276be28e35d6d7c7dcb6e7dbb27c00
strapi,7861fc41cbe5094cefdd3a1f341c466b069678ce,packages/plugins/documentation/LICENSE,https://github.com/strapi/strapi/blob/7861fc41cbe5094cefdd3a1f341c466b069678ce/packages/plugins/documentation/LICENSE,fd1970802135922bba6864837c6b267e64276be28e35d6d7c7dcb6e7dbb27c00
strapi,7861fc41cbe5094cefdd3a1f341c466b069678ce,packages/plugins/graphql/LICENSE,https://github.com/strapi/strapi/blob/7861fc41cbe5094cefdd3a1f341c466b069678ce/packages/plugins/graphql/LICENSE,fd1970802135922bba6864837c6b267e64276be28e35d6d7c7dcb6e7dbb27c00
strapi,7861fc41cbe5094cefdd3a1f341c466b069678ce,packages/plugins/i18n/LICENSE,https://github.com/strapi/strapi/blob/7861fc41cbe5094cefdd3a1f341c466b069678ce/packages/plugins/i18n/LICENSE,fd1970802135922bba6864837c6b267e64276be28e35d6d7c7dcb6e7dbb27c00
strapi,7861fc41cbe5094cefdd3a1f341c466b069678ce,packages/plugins/users-permissions/LICENSE,https://github.com/strapi/strapi/blob/7861fc41cbe5094cefdd3a1f341c466b069678ce/packages/plugins/users-permissions/LICENSE,fd1970802135922bba6864837c6b267e64276be28e35d6d7c7dcb6e7dbb27c00
strapi,7861fc41cbe5094cefdd3a1f341c466b069678ce,packages/providers/email-nodemailer/LICENSE,https://github.com/strapi/strapi/blob/7861fc41cbe5094cefdd3a1f341c466b069678ce/packages/providers/email-nodemailer/LICENSE,fd1970802135922bba6864837c6b267e64276be28e35d6d7c7dcb6e7dbb27c00
strapi,7861fc41cbe5094cefdd3a1f341c466b069678ce,packages/providers/upload-aws-s3/LICENSE,https://github.com/strapi/strapi/blob/7861fc41cbe5094cefdd3a1f341c466b069678ce/packages/providers/upload-aws-s3/LICENSE,fd1970802135922bba6864837c6b267e64276be28e35d6d7c7dcb6e7dbb27c00
supabase,4844e96dcf88c1383abf857b029a836129ac57fe,LICENSE,https://github.com/supabase/supabase/blob/4844e96dcf88c1383abf857b029a836129ac57fe/LICENSE,c29468abcd629e248c2f76848155c386b733872bcabcc4cf65ef1e7c61431042
typebot,0a3b9c04ee1635dab775b016549465734aa15a38,LICENSE,https://github.com/botpress/botpress/blob/0a3b9c04ee1635dab775b016549465734aa15a38/LICENSE,801df6391531769d4825f23b92466c40c44e4f88120fbae1b54de4022c3c4500
umami,a3733b0424727ebe02b97aecf732e3891d677b76,LICENSE,https://github.com/umami-software/umami/blob/a3733b0424727ebe02b97aecf732e3891d677b76/LICENSE,d59f69c3a56253a150adfc42b41acd49e9024410ad087c58a23d506623258dfe
vendure,090db23464c04d772a3eede78090cd57784f15bf,LICENSE.md,https://github.com/vendure-ecommerce/vendure/blob/090db23464c04d772a3eede78090cd57784f15bf/LICENSE.md,b78a9d11922dff7b00efee72d40381bc3765e220fd31c575e2d39ffd42883013
vendure,090db23464c04d772a3eede78090cd57784f15bf,license/gpl-3.0.txt,https://github.com/vendure-ecommerce/vendure/blob/090db23464c04d772a3eede78090cd57784f15bf/license/gpl-3.0.txt,8ceb4b9ee5adedde47b31e975c1d90c73ad27b6b165a1dcd80c7c545eb65b903
vendure,090db23464c04d772a3eede78090cd57784f15bf,license/license-faq.md,https://github.com/vendure-ecommerce/vendure/blob/090db23464c04d772a3eede78090cd57784f15bf/license/license-faq.md,9d3a89632e8f53d905aa98149fd5830f4a1d7244fe6df667edf068e61a617c68
vendure,090db23464c04d772a3eede78090cd57784f15bf,license/plugin-exception.txt,https://github.com/vendure-ecommerce/vendure/blob/090db23464c04d772a3eede78090cd57784f15bf/license/plugin-exception.txt,8f45d1b72e087c70beca276a88dc462884debbdbca22497c60eadb9db2de2bad
