episode_id,repo,split,start,first,last,hours,prod_files,test_files,commit_count
affine__bf9b09cd9196,affine,train,1772902396.0,1772902396.0,1772902396.0,0.0,2,1,1
affine__c2f48fe4a45f,affine,train,1772902396.0,1772902396.0,1772902396.0,0.0,2,1,1
affine__eb90ff75f9c8,affine,train,1773950557.0,1773950557.0,1773950557.0,0.0,1,1,1
affine__6b20ee8b5202,affine,train,1773950680.0,1773950680.0,1773950680.0,0.0,1,1,1
affine__aa72a26cb6e8,affine,train,1773950680.0,1773950680.0,1773950680.0,0.0,2,2,1
affine__b65e4ec32965,affine,train,1773950680.0,1773950680.0,1773950680.0,0.0,1,1,1
affine__bafeebb0c118,affine,train,1773950680.0,1773950680.0,1773950680.0,0.0,1,1,1
affine__f4fdcc6dd920,affine,train,1773950680.0,1773950680.0,1773950680.0,0.0,1,1,1
affine__03478f01929c,affine,train,1774119014.0,1774119014.0,1774119014.0,0.0,1,1,1
affine__6f9add261971,affine,train,1774119014.0,1774119014.0,1774119014.0,0.0,2,2,1
affine__b5affd428d27,affine,train,1774276732.0,1774276732.0,1774276732.0,0.0,1,1,1
affine__b6f4f9e4586e,affine,train,1774276732.0,1774276732.0,1774276732.0,0.0,1,1,1
affine__ffec8f19d52c,affine,train,1774276732.0,1774276732.0,1774276732.0,0.0,1,1,1
affine__497683630265,affine,train,1774531956.0,1774531956.0,1774531956.0,0.0,1,1,1
affine__b4925b4e707d,affine,train,1774531956.0,1774531956.0,1774531956.0,0.0,1,1,1
affine__8f77b828a349,affine,train,1774793830.0,1774793830.0,1774793830.0,0.0,2,1,1
affine__9f5e8add110b,affine,train,1775380201.0,1775380201.0,1775380591.0,0.10833333333333334,5,3,2
affine__e88a176761b0,affine,train,1775381739.0,1775381739.0,1775392989.0,3.125,2,1,3
affine__b3a8bd49fd55,affine,train,1775391658.0,1775391658.0,1775391658.0,0.0,1,1,1
affine__b82e5f511661,affine,train,1775466994.0,1775466994.0,1775466994.0,0.0,1,1,1
affine__91625e588410,affine,train,1775498916.0,1775498916.0,1775499122.0,0.05722222222222222,5,2,3
affine__ac7e10604287,affine,train,1775498916.0,1775498916.0,1775498916.0,0.0,1,1,1
affine__41d0a248f683,affine,train,1777826207.0,1777826207.0,1777826207.0,0.0,6,3,1
affine__221fc550d73a,affine,train,1778097794.0,1778097794.0,1778097794.0,0.0,2,1,1
affine__4e115eb1f696,affine,train,1778097794.0,1778097794.0,1778097794.0,0.0,9,1,1
affine__6ec160daa0a8,affine,train,1778097794.0,1778097794.0,1778097794.0,0.0,1,1,1
affine__f938f740a118,affine,train,1778097794.0,1778097794.0,1778097794.0,0.0,2,1,1
affine__53ed9e9d72bb,affine,train,1778265130.0,1778265130.0,1778265130.0,0.0,3,1,1
affine__ac8c136d445d,affine,train,1778340817.0,1778340817.0,1778340817.0,0.0,1,1,1
affine__adfb23fa85f2,affine,train,1778340817.0,1778340817.0,1778340817.0,0.0,1,1,1
affine__ade0de7bf746,affine,validation,1778426510.0,1778426510.0,1778430805.0,1.1930555555555555,8,3,2
affine__78022b0dbbdc,affine,validation,1778680670.0,1778680670.0,1778680670.0,0.0,12,4,1
affine__7b8ec4dc34fc,affine,validation,1778680670.0,1778680670.0,1778680670.0,0.0,1,1,1
affine__f09468ce3923,affine,validation,1778680670.0,1778680670.0,1778680670.0,0.0,3,1,1
affine__85e2c5eb86b2,affine,validation,1778847502.0,1778847502.0,1778847502.0,0.0,1,1,1
affine__e5ef8885a002,affine,validation,1779021636.0,1779021636.0,1779021636.0,0.0,22,1,1
affine__62d1add58b7d,affine,validation,1779202085.0,1779202085.0,1779227283.0,6.999444444444444,7,5,2
affine__630af62ab70d,affine,validation,1779202085.0,1779202085.0,1779227283.0,6.999444444444444,2,1,2
affine__452d90d731e9,affine,validation,1779286812.0,1779286812.0,1779286812.0,0.0,2,1,1
cal.com__01326c3bfff5,cal.com,train,1754412470.0,1754412470.0,1754412470.0,0.0,1,1,1
cal.com__5b34e9640e60,cal.com,train,1754484897.0,1754484897.0,1754484897.0,0.0,1,1,1
cal.com__e28bfcc98795,cal.com,train,1754630114.0,1754630114.0,1754655498.0,7.051111111111111,24,8,6
cal.com__520642329292,cal.com,train,1754654173.0,1754654173.0,1754654173.0,0.0,1,1,1
cal.com__90a409c66d8e,cal.com,train,1754654173.0,1754654173.0,1754654173.0,0.0,1,1,1
cal.com__5e47c955bf7b,cal.com,train,1754655498.0,1754655498.0,1754655498.0,0.0,1,1,1
cal.com__acc2d983f31e,cal.com,train,1754660556.0,1754660556.0,1754660556.0,0.0,1,1,1
cal.com__1ead9182745f,cal.com,train,1754880105.0,1754880105.0,1754915055.0,9.708333333333334,8,2,4
cal.com__e8297e6e6cf4,cal.com,train,1754915055.0,1754915055.0,1754926720.0,3.2402777777777776,8,2,2
cal.com__bf91db6d7a59,cal.com,train,1754931986.0,1754931986.0,1754931986.0,0.0,1,1,1
cal.com__f100a0848fc6,cal.com,train,1754993901.0,1754993901.0,1754993901.0,0.0,2,1,1
cal.com__513653123ebd,cal.com,train,1754999246.0,1754999246.0,1754999246.0,0.0,1,1,1
cal.com__881c9e4f1763,cal.com,train,1755077940.0,1755077940.0,1755082097.0,1.1547222222222222,2,1,2
cal.com__511893d8f1a7,cal.com,train,1755102259.0,1755102259.0,1755102259.0,0.0,4,2,1
cal.com__82aa08f2ad72,cal.com,train,1755171038.0,1755171038.0,1755182112.0,3.076111111111111,3,1,2
cal.com__31f9ecc1eaae,cal.com,train,1755174479.0,1755174479.0,1755174479.0,0.0,9,3,1
cal.com__05b6849de67e,cal.com,train,1755257404.0,1755257404.0,1755257404.0,0.0,7,1,1
cal.com__ff0550147c08,cal.com,train,1755513288.0,1755513288.0,1755529042.0,4.376111111111111,5,2,4
cal.com__73bce329ad3d,cal.com,validation,1755590356.0,1755590356.0,1755590356.0,0.0,2,1,1
cal.com__aaf4541161f9,cal.com,validation,1755610082.0,1755610082.0,1755610082.0,0.0,1,1,1
cal.com__fb57dd2b0722,cal.com,validation,1755847098.0,1755847098.0,1755847098.0,0.0,8,2,1
cal.com__e8d5475ff046,cal.com,validation,1755865342.0,1755865342.0,1755865342.0,0.0,4,2,1
cal.com__8d296f230b73,cal.com,validation,1756085445.0,1756085445.0,1756113078.0,7.675833333333333,16,8,3
cal.com__08b521b4eaba,cal.com,validation,1756117654.0,1756117654.0,1756117654.0,0.0,1,1,1
chatwoot__fe756a85956c,chatwoot,train,1767926262.0,1767926262.0,1767926262.0,0.0,1,1,1
chatwoot__04d6cb9371ab,chatwoot,train,1767979929.0,1767979929.0,1767979929.0,0.0,1,1,1
chatwoot__76e3344da1bb,chatwoot,train,1768197164.0,1768197164.0,1768197164.0,0.0,1,1,1
chatwoot__0825692ff354,chatwoot,train,1768293026.0,1768293026.0,1768293026.0,0.0,2,1,1
chatwoot__b67a5977771d,chatwoot,train,1768310530.0,1768310530.0,1768310530.0,0.0,1,1,1
chatwoot__1ac34730be25,chatwoot,train,1768381666.0,1768381666.0,1768381666.0,0.0,1,1,1
chatwoot__7235aa452e00,chatwoot,train,1768535637.0,1768535637.0,1768535637.0,0.0,3,1,1
chatwoot__b664e6bb50f0,chatwoot,train,1768535637.0,1768535637.0,1768535637.0,0.0,2,1,1
chatwoot__eab3b397d1fc,chatwoot,train,1768982947.0,1768982947.0,1768982947.0,0.0,2,1,1
chatwoot__f679b7df062e,chatwoot,train,1768982947.0,1768982947.0,1768988501.0,1.5427777777777778,5,2,2
chatwoot__7ebd0f5dbc29,chatwoot,train,1769087284.0,1769087284.0,1769087284.0,0.0,1,1,1
chatwoot__43c550bc55be,chatwoot,train,1769136462.0,1769136462.0,1769136462.0,0.0,2,1,1
chatwoot__717bf5e2a805,chatwoot,train,1769499380.0,1769499380.0,1769499380.0,0.0,2,2,1
chatwoot__ae34e61373c4,chatwoot,train,1769499380.0,1769499380.0,1769499380.0,0.0,3,1,1
chatwoot__2f5dabdb75dc,chatwoot,train,1770382350.0,1770382350.0,1770382350.0,0.0,1,1,1
chatwoot__312827b1e56f,chatwoot,train,1770387826.0,1770387826.0,1770387826.0,0.0,1,1,1
chatwoot__d3ea046c1341,chatwoot,train,1770717194.0,1770717194.0,1770717235.0,0.01138888888888889,3,2,2
chatwoot__a7baeb2e005d,chatwoot,train,1771326612.0,1771326612.0,1771326612.0,0.0,1,1,1
chatwoot__254bf703d838,chatwoot,train,1771493680.0,1771493680.0,1771493680.0,0.0,1,1,1
chatwoot__3247ad50a689,chatwoot,train,1771493680.0,1771493680.0,1771493680.0,0.0,1,2,1
chatwoot__e0d39f14270f,chatwoot,validation,1772039304.0,1772039304.0,1772039304.0,0.0,1,1,1
chatwoot__ea482c18673e,chatwoot,validation,1772456271.0,1772456271.0,1772456271.0,0.0,2,2,1
chatwoot__085847d2ad82,chatwoot,validation,1772695418.0,1772695418.0,1772695418.0,0.0,1,1,1
chatwoot__10c0dac4da6e,chatwoot,validation,1772695418.0,1772695418.0,1772695418.0,0.0,6,5,1
chatwoot__d685fab6687f,chatwoot,validation,1772695418.0,1772695418.0,1772695418.0,0.0,1,1,1
chatwoot__1f4f8ae24e79,chatwoot,validation,1772785222.0,1772785222.0,1772785222.0,0.0,6,2,1
chatwoot__f4e41c76efda,chatwoot,validation,1772791622.0,1772791622.0,1772791622.0,0.0,1,1,1
chatwoot__f13c4f53baae,chatwoot,validation,1773219713.0,1773219713.0,1773219713.0,0.0,1,1,1
chatwoot__fd10754bdb7c,chatwoot,validation,1773219713.0,1773219713.0,1773219713.0,0.0,1,1,1
documenso__15536e43c0a6,documenso,train,1765181843.0,1765181843.0,1765181843.0,0.0,2,1,1
documenso__e8d7f087e177,documenso,train,1766488134.0,1766488134.0,1766490711.0,0.7158333333333333,26,1,2
documenso__4731e80d8953,documenso,train,1768268290.0,1768268290.0,1768296720.0,7.897222222222222,29,1,3
documenso__e439d4dfeaba,documenso,train,1768352788.0,1768352788.0,1768352788.0,0.0,11,1,1
documenso__04535f6ee75a,documenso,train,1769401332.0,1769401332.0,1769401332.0,0.0,3,2,1
documenso__0131bbb36743,documenso,train,1769649727.0,1769649727.0,1769653848.0,1.1447222222222222,34,1,3
documenso__172160b44889,documenso,train,1771547780.0,1771547780.0,1771547780.0,0.0,55,4,1
documenso__ae19792d5720,documenso,validation,1772761120.0,1772761120.0,1772761120.0,0.0,8,3,1
documenso__e440153f4310,documenso,validation,1772761143.0,1772761143.0,1772766687.0,1.54,67,10,2
documenso__306a5155bd12,documenso,validation,1773013491.0,1773013491.0,1773013491.0,0.0,8,2,1
formbricks__c4ecbebbc2a9,formbricks,train,1761637559.0,1761637559.0,1761642262.0,1.3063888888888888,1,2,2
formbricks__df05a02659fd,formbricks,train,1762440809.0,1762440809.0,1762440809.0,0.0,2,1,1
formbricks__5f9c12901328,formbricks,train,1763377592.0,1763377592.0,1763377592.0,0.0,2,2,1
formbricks__d1be4a6cff8e,formbricks,train,1763460885.0,1763460885.0,1763460885.0,0.0,1,2,1
formbricks__e246e86e446b,formbricks,train,1763533901.0,1763533901.0,1763533901.0,0.0,2,1,1
formbricks__a14dfde4c290,formbricks,train,1763709201.0,1763709201.0,1763709201.0,0.0,1,1,1
formbricks__c74c743a74a6,formbricks,train,1763738259.0,1763738259.0,1763738259.0,0.0,2,2,1
formbricks__b1640a544588,formbricks,train,1764064199.0,1764064199.0,1764075463.0,3.128888888888889,2,2,2
formbricks__9a1fe6bf806d,formbricks,train,1764333377.0,1764333377.0,1764333377.0,0.0,4,4,1
formbricks__9e7a84135d70,formbricks,train,1764333377.0,1764333377.0,1764333377.0,0.0,85,21,1
formbricks__b9587a7da452,formbricks,train,1764753334.0,1764753334.0,1764753334.0,0.0,1,1,1
formbricks__59b78e082bce,formbricks,train,1765205384.0,1765205384.0,1765205384.0,0.0,1,1,1
formbricks__a24e4d7176a0,formbricks,train,1765205384.0,1765205384.0,1765205384.0,0.0,1,1,1
formbricks__a426e2ee8622,formbricks,train,1765515708.0,1765515708.0,1765515708.0,0.0,6,1,1
formbricks__425f2e740468,formbricks,train,1765519415.0,1765519415.0,1765519415.0,0.0,2,1,1
formbricks__c6e50874c8a3,formbricks,train,1765700291.0,1765700291.0,1765700291.0,0.0,1,1,1
formbricks__e48986e36d38,formbricks,train,1765879787.0,1765879787.0,1765879787.0,0.0,6,3,1
formbricks__07dacfb3056a,formbricks,train,1765984408.0,1765984408.0,1765984408.0,0.0,3,2,1
formbricks__10b403ec8f4e,formbricks,train,1765984408.0,1765984408.0,1765984408.0,0.0,3,3,1
formbricks__1e9b38355970,formbricks,train,1765984408.0,1765984408.0,1765984408.0,0.0,1,1,1
formbricks__6edfe8f9db6a,formbricks,train,1766218128.0,1766218128.0,1766218128.0,0.0,2,2,1
formbricks__bd27ad76f5ea,formbricks,train,1766218128.0,1766218128.0,1766218128.0,0.0,1,1,1
formbricks__615272efb68f,formbricks,train,1766555692.0,1766555692.0,1766555692.0,0.0,1,1,1
formbricks__74cd03baa592,formbricks,train,1766558386.0,1766558386.0,1766558386.0,0.0,2,1,1
formbricks__83c2d10efb60,formbricks,train,1766646656.0,1766646656.0,1766646656.0,0.0,1,1,1
formbricks__18382d84106b,formbricks,train,1766743357.0,1766743357.0,1766743357.0,0.0,1,1,1
formbricks__bb4831e101b6,formbricks,validation,1766989194.0,1766989194.0,1766989194.0,0.0,1,1,1
formbricks__f45c79d3fe37,formbricks,validation,1767012272.0,1767012272.0,1767012272.0,0.0,1,1,1
formbricks__55c15414daf8,formbricks,validation,1767084974.0,1767084974.0,1767084974.0,0.0,2,1,1
formbricks__9fddd4dd44da,formbricks,validation,1767165844.0,1767165844.0,1767165844.0,0.0,24,4,1
formbricks__8804d78891f8,formbricks,validation,1768298930.0,1768298930.0,1768298930.0,0.0,1,1,1
formbricks__5ed4d8e60c58,formbricks,validation,1768384205.0,1768384205.0,1768411414.0,7.558055555555556,1,1,2
formbricks__da7c5c7ba5ca,formbricks,validation,1768499870.0,1768499870.0,1768499870.0,0.0,1,1,1
formbricks__fed7403f087a,formbricks,validation,1768829521.0,1768829521.0,1768829521.0,0.0,2,3,1
formbricks__f85559cf57e2,formbricks,validation,1768979302.0,1768979302.0,1768979302.0,0.0,1,1,1
formbricks__fa11cb6eb760,formbricks,validation,1768979302.0,1768979302.0,1769008989.0,8.24638888888889,6,6,3
formbricks__eb4af545cdec,formbricks,validation,1769004862.0,1769004862.0,1769008989.0,1.146388888888889,4,1,3
formbricks__124261cf1d66,formbricks,validation,1769008989.0,1769008989.0,1769008989.0,0.0,5,2,1
grafana__b631518e9055,grafana,train,1778574576.0,1778574576.0,1778607672.0,9.193333333333333,50,29,14
grafana__046c8d56aa1c,grafana,train,1778659010.0,1778659010.0,1778659010.0,0.0,2,2,1
grafana__3c05750ed8a2,grafana,train,1778663528.0,1778663528.0,1778704801.0,11.464722222222223,44,21,10
grafana__726645f81206,grafana,train,1778751286.0,1778751286.0,1778793703.0,11.7825,34,17,16
grafana__c1dcf4965a3a,grafana,validation,1778837493.0,1778837493.0,1778876119.0,10.729444444444445,17,16,15
grafana__5bee1295a0bd,grafana,validation,1778916445.0,1778916445.0,1778916445.0,0.0,1,1,1
grafana__b71de9305549,grafana,validation,1778916445.0,1778916445.0,1778916445.0,0.0,1,1,1
grafana__d6ec6f0e13dc,grafana,validation,1778916445.0,1778916445.0,1778921818.0,1.4925,14,10,2
hoppscotch__79c3d3442f37,hoppscotch,train,1756281807.0,1756281807.0,1756281807.0,0.0,8,4,1
hoppscotch__d5c3067e2012,hoppscotch,train,1756801108.0,1756801108.0,1756801108.0,0.0,1,1,1
hoppscotch__68948843f66b,hoppscotch,train,1758618983.0,1758618983.0,1758618983.0,0.0,6,3,1
hoppscotch__b93a774665a9,hoppscotch,train,1759132540.0,1759132540.0,1759132540.0,0.0,4,2,1
hoppscotch__09f823420734,hoppscotch,train,1763974289.0,1763974289.0,1763974289.0,0.0,9,10,1
hoppscotch__2cf35f0a1630,hoppscotch,train,1764050217.0,1764050217.0,1764050217.0,0.0,5,1,1
hoppscotch__65da7702388b,hoppscotch,train,1764226769.0,1764226769.0,1764226769.0,0.0,1,1,1
hoppscotch__c408b3d82806,hoppscotch,train,1764662828.0,1764662828.0,1764662828.0,0.0,1,1,1
hoppscotch__9aaad5f47dcc,hoppscotch,train,1764783066.0,1764783066.0,1764783066.0,0.0,4,2,1
hoppscotch__5cc4a3518376,hoppscotch,validation,1768891573.0,1768891573.0,1768891573.0,0.0,1,1,1
hoppscotch__b79b6e19a4fa,hoppscotch,validation,1769106768.0,1769106768.0,1769106768.0,0.0,4,3,1
hoppscotch__c0c49974db13,hoppscotch,validation,1771576994.0,1771576994.0,1771576994.0,0.0,1,1,1
hoppscotch__bb87bf999811,hoppscotch,validation,1771850505.0,1771850505.0,1771857715.0,2.0027777777777778,6,2,2
hoppscotch__8c22bb36311e,hoppscotch,validation,1771956163.0,1771956163.0,1771956163.0,0.0,4,3,1
hoppscotch__fd297fc8a43c,hoppscotch,validation,1772468443.0,1772468443.0,1772468443.0,0.0,1,1,1
hoppscotch__7854259a9bcd,hoppscotch,validation,1772474719.0,1772474719.0,1772474719.0,0.0,1,1,1
medusa__2910140b97b7,medusa,validation,1767950005.0,1767950005.0,1767950005.0,0.0,1,2,1
medusa__d7cae19119db,medusa,validation,1768215326.0,1768215326.0,1768215326.0,0.0,3,1,1
medusa__d3dfa8ae18c8,medusa,validation,1768807107.0,1768807107.0,1768807107.0,0.0,1,1,1
payload__32c60d60b8a1,payload,train,1770324512.0,1770324512.0,1770324512.0,0.0,1,1,1
payload__5464acd3b813,payload,train,1770324512.0,1770324512.0,1770324512.0,0.0,1,1,1
payload__8b022d0e8774,payload,train,1770324512.0,1770324512.0,1770324512.0,0.0,1,1,1
payload__7270174975fe,payload,train,1770844157.0,1770844157.0,1770844157.0,0.0,1,1,1
payload__149d9b7766ac,payload,train,1771355822.0,1771355822.0,1771355822.0,0.0,1,1,1
payload__1ae32f700b80,payload,train,1771355822.0,1771355822.0,1771355822.0,0.0,1,1,1
payload__8fd82f4370fc,payload,train,1771512461.0,1771512461.0,1771516259.0,1.055,3,1,2
payload__fb621c1ff7b8,payload,train,1771622454.0,1771622454.0,1771622454.0,0.0,1,1,1
payload__0a8e5d8efaa1,payload,validation,1772112222.0,1772112222.0,1772112222.0,0.0,1,1,1
payload__97af7716730a,payload,validation,1772112222.0,1772112222.0,1772112222.0,0.0,1,1,1
payload__8c75eded8723,payload,validation,1772219712.0,1772219712.0,1772219712.0,0.0,2,1,1
payload__16c941abebfd,payload,validation,1773150634.0,1773150634.0,1773150634.0,0.0,1,1,1
payload__730b19472510,payload,validation,1773155061.0,1773155061.0,1773155061.0,0.0,1,1,1
payload__fa7ec34970db,payload,validation,1773229140.0,1773229140.0,1773229140.0,0.0,1,1,1
payload__246fb7f9213e,payload,validation,1773268713.0,1773268713.0,1773268713.0,0.0,1,1,1
rallly__e56f73c51671,rallly,train,1772977219.0,1772977219.0,1772977219.0,0.0,5,1,1
rallly__fa52875fd201,rallly,train,1772977219.0,1772977219.0,1772977219.0,0.0,1,1,1
rallly__98d32576e7be,rallly,train,1773070020.0,1773070020.0,1773070020.0,0.0,1,1,1
rallly__761691a1bfb3,rallly,train,1774617106.0,1774617106.0,1774617106.0,0.0,1,1,1
rallly__76aae411d20d,rallly,train,1775556305.0,1775556305.0,1775566302.0,2.7769444444444447,1,1,2
rallly__f1c87a008978,rallly,validation,1778169998.0,1778169998.0,1778169998.0,0.0,1,1,1
rallly__98899fd68897,rallly,validation,1778347099.0,1778347099.0,1778347099.0,0.0,1,1,1
requestly__b8ba3c46037c,requestly,validation,1777197595.0,1777197595.0,1777197595.0,0.0,2,1,1
saleor__14136326d1b4,saleor,train,1769623997.0,1769623997.0,1769623997.0,0.0,3,2,1
saleor__1aaaae9f2ee9,saleor,train,1769696056.0,1769696056.0,1769700250.0,1.165,6,2,2
saleor__03aeca7dc809,saleor,train,1769769528.0,1769769528.0,1769769528.0,0.0,1,1,1
saleor__b95e0e1c23b5,saleor,train,1769769528.0,1769769528.0,1769769528.0,0.0,1,1,1
saleor__b40069f18b17,saleor,train,1770114489.0,1770114489.0,1770114489.0,0.0,3,1,1
saleor__c144958dce49,saleor,train,1770128994.0,1770128994.0,1770128994.0,0.0,1,1,1
saleor__e43020a8d21f,saleor,train,1770128994.0,1770128994.0,1770128994.0,0.0,1,1,1
saleor__daad1c7fe4f3,saleor,train,1770217726.0,1770217726.0,1770217726.0,0.0,1,1,1
saleor__528981c53ef2,saleor,train,1770641503.0,1770641503.0,1770641503.0,0.0,1,1,1
saleor__5da406cc86f0,saleor,train,1770641503.0,1770641503.0,1770641503.0,0.0,1,1,1
saleor__898f59365f5c,saleor,train,1770892921.0,1770892921.0,1770906705.0,3.828888888888889,9,11,3
saleor__ceecc475a28d,saleor,train,1770892921.0,1770892921.0,1770892921.0,0.0,1,1,1
saleor__3fa181ccbb01,saleor,train,1770894729.0,1770894729.0,1770894729.0,0.0,7,1,1
saleor__3b6a818048c7,saleor,train,1771247125.0,1771247125.0,1771247125.0,0.0,1,1,1
saleor__74ddcc2cd861,saleor,train,1771327011.0,1771327011.0,1771342048.0,4.176944444444445,11,3,2
saleor__a8d230e6f347,saleor,train,1771852123.0,1771852123.0,1771880481.0,7.877222222222223,207,170,2
saleor__052836836fbc,saleor,train,1771880481.0,1771880481.0,1771880481.0,0.0,1,1,1
saleor__1862b44826ea,saleor,train,1771880481.0,1771880481.0,1771880481.0,0.0,1,1,1
saleor__30f873a646e4,saleor,train,1771880481.0,1771880481.0,1771880481.0,0.0,1,1,1
saleor__38966a07ccbd,saleor,train,1771880481.0,1771880481.0,1771880481.0,0.0,3,2,1
saleor__0d40a23a919d,saleor,train,1771926831.0,1771926831.0,1771929975.0,0.8733333333333333,23,9,2
saleor__b57c5df7bb3f,saleor,train,1772100464.0,1772100464.0,1772100464.0,0.0,3,1,1
saleor__4fd4cafcb76e,saleor,train,1772452062.0,1772452062.0,1772452062.0,0.0,1,1,1
saleor__d20d8e473cdb,saleor,train,1772455860.0,1772455860.0,1772455860.0,0.0,1,1,1
saleor__d58248463d96,saleor,train,1772455860.0,1772455860.0,1772455860.0,0.0,1,1,1
saleor__1974800db565,saleor,train,1772456444.0,1772456444.0,1772456444.0,0.0,2,1,1
saleor__5d167e6cfb7d,saleor,validation,1773223145.0,1773223145.0,1773223145.0,0.0,2,1,1
saleor__f7d1a7aca5d7,saleor,validation,1773223145.0,1773223145.0,1773236873.0,3.8133333333333335,2,1,2
saleor__5089ee09bfc4,saleor,validation,1773236873.0,1773236873.0,1773236873.0,0.0,1,1,1
saleor__f011a9f5119c,saleor,validation,1773236873.0,1773236873.0,1773236873.0,0.0,1,1,1
saleor__f43b2841a210,saleor,validation,1773236873.0,1773236873.0,1773236873.0,0.0,1,1,1
saleor__ebf66c6a071d,saleor,validation,1773237864.0,1773237864.0,1773237864.0,0.0,1,1,1
saleor__1443c67d77df,saleor,validation,1773321833.0,1773321833.0,1773321833.0,0.0,4,2,1
saleor__85b021c89701,saleor,validation,1773640472.0,1773640472.0,1773671208.0,8.537777777777778,27,11,2
saleor__0f0a9c4a0cc8,saleor,validation,1773988592.0,1773988592.0,1773988592.0,0.0,1,1,1
saleor__41f8cefdf931,saleor,validation,1773988592.0,1773988592.0,1773988592.0,0.0,1,1,1
saleor__de5fad7fe972,saleor,validation,1773988592.0,1773988592.0,1773988592.0,0.0,2,1,1
saleor__e42358a62dc1,saleor,validation,1774003935.0,1774003935.0,1774003935.0,0.0,1,1,1
saleor__0a967e363af4,saleor,validation,1774259579.0,1774259579.0,1774259579.0,0.0,1,1,1
saleor__344b53f15eaa,saleor,validation,1775651050.0,1775651050.0,1775651050.0,0.0,3,1,1
saleor__09b926b7dd99,saleor,validation,1776082777.0,1776082777.0,1776082777.0,0.0,2,1,1
saleor__0bb46cda954c,saleor,validation,1776171950.0,1776171950.0,1776171950.0,0.0,6,2,1
saleor__7d6c231fbcee,saleor,validation,1776322297.0,1776322297.0,1776322297.0,0.0,22,2,1
saleor__47f89d573219,saleor,validation,1776427950.0,1776427950.0,1776427950.0,0.0,2,1,1
saleor__ae64c2e14023,saleor,validation,1777297392.0,1777297392.0,1777297392.0,0.0,19,4,1
saleor__1644075d81b2,saleor,validation,1777360145.0,1777360145.0,1777360145.0,0.0,1,1,1
saleor__4f7f7c98c454,saleor,validation,1777893525.0,1777893525.0,1777893525.0,0.0,9,2,1
saleor__a11d1fc587f5,saleor,validation,1778146962.0,1778146962.0,1778146962.0,0.0,4,1,1
saleor__4bb7ec3ba959,saleor,validation,1778222713.0,1778222713.0,1778222713.0,0.0,2,1,1
saleor__0756cd8dad07,saleor,validation,1778580964.0,1778580964.0,1778588467.0,2.0841666666666665,8,5,2
saleor__9ead5c85b9f7,saleor,validation,1778580964.0,1778580964.0,1778580964.0,0.0,1,1,1
strapi__e384740693e0,strapi,train,1768209033.0,1768209033.0,1768209033.0,0.0,3,1,1
strapi__7850ae1d9078,strapi,train,1768562085.0,1768562085.0,1768575242.0,3.6547222222222224,2,2,3
strapi__73569f4520d2,strapi,train,1769096967.0,1769096967.0,1769096967.0,0.0,1,1,1
strapi__74569616d6fc,strapi,train,1769096967.0,1769096967.0,1769096967.0,0.0,1,1,1
strapi__7a376c5187b8,strapi,train,1769096967.0,1769096967.0,1769096967.0,0.0,1,1,1
strapi__9c4d6409b2d8,strapi,train,1769096967.0,1769096967.0,1769096967.0,0.0,1,1,1
strapi__b929317beae3,strapi,train,1769096967.0,1769096967.0,1769096967.0,0.0,1,1,1
strapi__e4d6d1fa99d2,strapi,train,1769096967.0,1769096967.0,1769096967.0,0.0,1,1,1
strapi__161eac9943dc,strapi,train,1770116273.0,1770116273.0,1770116273.0,0.0,1,1,1
strapi__0b6cbcd409cb,strapi,train,1770652318.0,1770652318.0,1770652318.0,0.0,2,2,1
strapi__8ac03f90ad91,strapi,train,1770803347.0,1770803347.0,1770803347.0,0.0,1,1,1
strapi__c901080c4b02,strapi,validation,1771937493.0,1771937493.0,1771937493.0,0.0,9,7,1
strapi__cab26117683f,strapi,validation,1771937493.0,1771937493.0,1771937493.0,0.0,1,1,1
strapi__a9e68a17b9ab,strapi,validation,1772025416.0,1772025416.0,1772025416.0,0.0,1,1,1
strapi__b6c1376f714e,strapi,validation,1772025416.0,1772025416.0,1772025416.0,0.0,1,1,1
strapi__88ec45fea990,strapi,validation,1772458608.0,1772458608.0,1772458608.0,0.0,1,1,1
strapi__5e4ede06fb2d,strapi,validation,1773065618.0,1773065618.0,1773065618.0,0.0,1,1,1
strapi__fac079537c4b,strapi,validation,1773132751.0,1773132751.0,1773132751.0,0.0,1,1,1
supabase__5494f1c356ac,supabase,validation,1769098669.0,1769098669.0,1769098669.0,0.0,1,1,1
supabase__42451f2250ea,supabase,validation,1769104014.0,1769104014.0,1769104014.0,0.0,3,1,1
typebot__89af2196a05b,typebot,train,1772033005.0,1772033005.0,1772033005.0,0.0,1,1,1
typebot__b2a8fd47b3b1,typebot,train,1772129786.0,1772129786.0,1772129786.0,0.0,61,62,1
typebot__2e69608a3666,typebot,train,1772219076.0,1772219076.0,1772219076.0,0.0,1,1,1
typebot__36ad04161231,typebot,train,1772476295.0,1772476295.0,1772488724.0,3.4525,16,33,3
typebot__e63fed753ac5,typebot,train,1772641725.0,1772641725.0,1772663473.0,6.041111111111111,26,62,2
typebot__ce2fa5b5c3df,typebot,train,1772720510.0,1772720510.0,1772720510.0,0.0,1,1,1
typebot__23416779fad3,typebot,train,1772814884.0,1772814884.0,1772814884.0,0.0,39,3,1
typebot__f6e8bab38904,typebot,train,1773091226.0,1773091226.0,1773091226.0,0.0,20,4,1
typebot__bef0549a690c,typebot,train,1773157392.0,1773157392.0,1773158642.0,0.3472222222222222,22,3,3
typebot__cbf0b26ca9ca,typebot,train,1773716628.0,1773716628.0,1773716628.0,0.0,7,3,1
typebot__35a585820ef8,typebot,train,1773843938.0,1773843938.0,1773843938.0,0.0,1,4,1
typebot__8caf6e33425a,typebot,train,1773931649.0,1773931649.0,1773931649.0,0.0,2,1,1
typebot__50cdf2db8e54,typebot,train,1774016491.0,1774016491.0,1774016491.0,0.0,2,1,1
typebot__5f2a6e18715f,typebot,train,1774020511.0,1774020511.0,1774020511.0,0.0,1,1,1
typebot__0f8f568e88ef,typebot,train,1774278161.0,1774278161.0,1774278161.0,0.0,5,1,1
typebot__21e09472b69e,typebot,train,1774379052.0,1774379052.0,1774379052.0,0.0,1,1,1
typebot__03c173da80c1,typebot,train,1775151171.0,1775151171.0,1775151171.0,0.0,1,1,1
typebot__f7aa0c0f71d0,typebot,validation,1776790971.0,1776790971.0,1776790971.0,0.0,1,1,1
vendure__aa0d3fe78e06,vendure,train,1766137456.0,1766137456.0,1766137456.0,0.0,1,1,1
vendure__e3880fdb3764,vendure,train,1768320312.0,1768320312.0,1768320312.0,0.0,1,1,1
vendure__edfab755a24f,vendure,train,1769420951.0,1769420951.0,1769420951.0,0.0,1,1,1
vendure__1f571e06eb2e,vendure,train,1770651282.0,1770651282.0,1770651282.0,0.0,1,1,1
vendure__dc705b45caa2,vendure,validation,1771228944.0,1771228944.0,1771228944.0,0.0,4,1,1
vendure__8536f6be58a9,vendure,validation,1771343159.0,1771343159.0,1771343159.0,0.0,1,1,1
vendure__8c85fd9909f6,vendure,validation,1771709611.0,1771709611.0,1771709611.0,0.0,3,2,1
vendure__7cadeff6bbb1,vendure,validation,1772016394.0,1772016394.0,1772016394.0,0.0,2,1,1
vendure__8de0011be91d,vendure,validation,1773174998.0,1773174998.0,1773174998.0,0.0,1,1,1
