episode_id,repo,commit_count,span_hours,first_role_time_separation_hours,first_roles_share_commit,first_test_time_equals_first_prod,production_commit_after_first_test,prod_commit_count,test_commit_count
affine__03478f01929c,affine,1,0.0,0.0,True,True,False,1,1
affine__221fc550d73a,affine,1,0.0,0.0,True,True,False,1,1
affine__41d0a248f683,affine,1,0.0,0.0,True,True,False,1,1
affine__452d90d731e9,affine,1,0.0,0.0,True,True,False,1,1
affine__497683630265,affine,1,0.0,0.0,True,True,False,1,1
affine__4e115eb1f696,affine,1,0.0,0.0,True,True,False,1,1
affine__53ed9e9d72bb,affine,1,0.0,0.0,True,True,False,1,1
affine__62d1add58b7d,affine,2,6.999444444444444,0.0,True,True,True,2,2
affine__630af62ab70d,affine,2,6.999444444444444,6.999444444444444,False,False,False,2,1
affine__6b20ee8b5202,affine,1,0.0,0.0,True,True,False,1,1
affine__6ec160daa0a8,affine,1,0.0,0.0,True,True,False,1,1
affine__6f9add261971,affine,1,0.0,0.0,True,True,False,1,1
affine__78022b0dbbdc,affine,1,0.0,0.0,True,True,False,1,1
affine__7b8ec4dc34fc,affine,1,0.0,0.0,True,True,False,1,1
affine__85e2c5eb86b2,affine,1,0.0,0.0,True,True,False,1,1
affine__8f77b828a349,affine,1,0.0,0.0,True,True,False,1,1
affine__91625e588410,affine,3,0.05722222222222222,0.0,True,True,True,2,2
affine__9f5e8add110b,affine,2,0.10833333333333334,0.0,True,True,True,2,2
affine__aa72a26cb6e8,affine,1,0.0,0.0,True,True,False,1,1
affine__ac7e10604287,affine,1,0.0,0.0,True,True,False,1,1
affine__ac8c136d445d,affine,1,0.0,0.0,True,True,False,1,1
affine__ade0de7bf746,affine,2,1.1930555555555555,0.0,True,True,True,2,2
affine__adfb23fa85f2,affine,1,0.0,0.0,True,True,False,1,1
affine__b3a8bd49fd55,affine,1,0.0,0.0,True,True,False,1,1
affine__b4925b4e707d,affine,1,0.0,0.0,True,True,False,1,1
affine__b5affd428d27,affine,1,0.0,0.0,True,True,False,1,1
affine__b65e4ec32965,affine,1,0.0,0.0,True,True,False,1,1
affine__b6f4f9e4586e,affine,1,0.0,0.0,True,True,False,1,1
affine__b82e5f511661,affine,1,0.0,0.0,True,True,False,1,1
affine__bafeebb0c118,affine,1,0.0,0.0,True,True,False,1,1
affine__bf9b09cd9196,affine,1,0.0,0.0,True,True,False,1,1
affine__c2f48fe4a45f,affine,1,0.0,0.0,True,True,False,1,1
affine__e5ef8885a002,affine,1,0.0,0.0,True,True,False,1,1
affine__e88a176761b0,affine,3,3.125,2.7552777777777777,False,False,True,3,2
affine__eb90ff75f9c8,affine,1,0.0,0.0,True,True,False,1,1
affine__f09468ce3923,affine,1,0.0,0.0,True,True,False,1,1
affine__f4fdcc6dd920,affine,1,0.0,0.0,True,True,False,1,1
affine__f938f740a118,affine,1,0.0,0.0,True,True,False,1,1
affine__ffec8f19d52c,affine,1,0.0,0.0,True,True,False,1,1
cal.com__01326c3bfff5,cal.com,1,0.0,0.0,True,True,False,1,1
cal.com__05b6849de67e,cal.com,1,0.0,0.0,True,True,False,1,1
cal.com__08b521b4eaba,cal.com,1,0.0,0.0,True,True,False,1,1
cal.com__1ead9182745f,cal.com,4,9.708333333333334,7.866944444444444,False,False,True,4,2
cal.com__31f9ecc1eaae,cal.com,1,0.0,0.0,True,True,False,1,1
cal.com__511893d8f1a7,cal.com,1,0.0,0.0,True,True,False,1,1
cal.com__513653123ebd,cal.com,1,0.0,0.0,True,True,False,1,1
cal.com__520642329292,cal.com,1,0.0,0.0,True,True,False,1,1
cal.com__5b34e9640e60,cal.com,1,0.0,0.0,True,True,False,1,1
cal.com__5e47c955bf7b,cal.com,1,0.0,0.0,True,True,False,1,1
cal.com__73bce329ad3d,cal.com,1,0.0,0.0,True,True,False,1,1
cal.com__82aa08f2ad72,cal.com,2,3.076111111111111,3.076111111111111,False,False,False,2,1
cal.com__881c9e4f1763,cal.com,2,1.1547222222222222,1.1547222222222222,False,False,False,2,1
cal.com__8d296f230b73,cal.com,3,7.675833333333333,6.195,False,False,True,3,2
cal.com__90a409c66d8e,cal.com,1,0.0,0.0,True,True,False,1,1
cal.com__aaf4541161f9,cal.com,1,0.0,0.0,True,True,False,1,1
cal.com__acc2d983f31e,cal.com,1,0.0,0.0,True,True,False,1,1
cal.com__bf91db6d7a59,cal.com,1,0.0,0.0,True,True,False,1,1
cal.com__e28bfcc98795,cal.com,6,7.051111111111111,3.551111111111111,False,False,True,6,4
cal.com__e8297e6e6cf4,cal.com,2,3.2402777777777776,0.0,True,True,True,2,2
cal.com__e8d5475ff046,cal.com,1,0.0,0.0,True,True,False,1,1
cal.com__f100a0848fc6,cal.com,1,0.0,0.0,True,True,False,1,1
cal.com__fb57dd2b0722,cal.com,1,0.0,0.0,True,True,False,1,1
cal.com__ff0550147c08,cal.com,4,4.376111111111111,1.1644444444444444,False,False,True,4,2
chatwoot__04d6cb9371ab,chatwoot,1,0.0,0.0,True,True,False,1,1
chatwoot__0825692ff354,chatwoot,1,0.0,0.0,True,True,False,1,1
chatwoot__085847d2ad82,chatwoot,1,0.0,0.0,True,True,False,1,1
chatwoot__10c0dac4da6e,chatwoot,1,0.0,0.0,True,True,False,1,1
chatwoot__1ac34730be25,chatwoot,1,0.0,0.0,True,True,False,1,1
chatwoot__1f4f8ae24e79,chatwoot,1,0.0,0.0,True,True,False,1,1
chatwoot__254bf703d838,chatwoot,1,0.0,0.0,True,True,False,1,1
chatwoot__2f5dabdb75dc,chatwoot,1,0.0,0.0,True,True,False,1,1
chatwoot__312827b1e56f,chatwoot,1,0.0,0.0,True,True,False,1,1
chatwoot__3247ad50a689,chatwoot,1,0.0,0.0,True,True,False,1,1
chatwoot__43c550bc55be,chatwoot,1,0.0,0.0,True,True,False,1,1
chatwoot__717bf5e2a805,chatwoot,1,0.0,0.0,True,True,False,1,1
chatwoot__7235aa452e00,chatwoot,1,0.0,0.0,True,True,False,1,1
chatwoot__76e3344da1bb,chatwoot,1,0.0,0.0,True,True,False,1,1
chatwoot__7ebd0f5dbc29,chatwoot,1,0.0,0.0,True,True,False,1,1
chatwoot__a7baeb2e005d,chatwoot,1,0.0,0.0,True,True,False,1,1
chatwoot__ae34e61373c4,chatwoot,1,0.0,0.0,True,True,False,1,1
chatwoot__b664e6bb50f0,chatwoot,1,0.0,0.0,True,True,False,1,1
chatwoot__b67a5977771d,chatwoot,1,0.0,0.0,True,True,False,1,1
chatwoot__d3ea046c1341,chatwoot,2,0.01138888888888889,0.0,True,True,True,2,2
chatwoot__d685fab6687f,chatwoot,1,0.0,0.0,True,True,False,1,1
chatwoot__e0d39f14270f,chatwoot,1,0.0,0.0,True,True,False,1,1
chatwoot__ea482c18673e,chatwoot,1,0.0,0.0,True,True,False,1,1
chatwoot__eab3b397d1fc,chatwoot,1,0.0,0.0,True,True,False,1,1
chatwoot__f13c4f53baae,chatwoot,1,0.0,0.0,True,True,False,1,1
chatwoot__f4e41c76efda,chatwoot,1,0.0,0.0,True,True,False,1,1
chatwoot__f679b7df062e,chatwoot,2,1.5427777777777778,0.0,True,True,True,2,2
chatwoot__fd10754bdb7c,chatwoot,1,0.0,0.0,True,True,False,1,1
chatwoot__fe756a85956c,chatwoot,1,0.0,0.0,True,True,False,1,1
documenso__0131bbb36743,documenso,3,1.1447222222222222,1.1447222222222222,False,False,False,3,1
documenso__04535f6ee75a,documenso,1,0.0,0.0,True,True,False,1,1
documenso__15536e43c0a6,documenso,1,0.0,0.0,True,True,False,1,1
documenso__172160b44889,documenso,1,0.0,0.0,True,True,False,1,1
documenso__306a5155bd12,documenso,1,0.0,0.0,True,True,False,1,1
documenso__4731e80d8953,documenso,3,7.897222222222222,7.897222222222222,False,False,False,3,1
documenso__ae19792d5720,documenso,1,0.0,0.0,True,True,False,1,1
documenso__e439d4dfeaba,documenso,1,0.0,0.0,True,True,False,1,1
documenso__e440153f4310,documenso,2,1.54,0.0,True,True,True,2,2
documenso__e8d7f087e177,documenso,2,0.7158333333333333,0.7158333333333333,False,False,False,2,1
formbricks__07dacfb3056a,formbricks,1,0.0,0.0,True,True,False,1,1
formbricks__10b403ec8f4e,formbricks,1,0.0,0.0,True,True,False,1,1
formbricks__124261cf1d66,formbricks,1,0.0,0.0,True,True,False,1,1
formbricks__18382d84106b,formbricks,1,0.0,0.0,True,True,False,1,1
formbricks__1e9b38355970,formbricks,1,0.0,0.0,True,True,False,1,1
formbricks__425f2e740468,formbricks,1,0.0,0.0,True,True,False,1,1
formbricks__55c15414daf8,formbricks,1,0.0,0.0,True,True,False,1,1
formbricks__59b78e082bce,formbricks,1,0.0,0.0,True,True,False,1,1
formbricks__5ed4d8e60c58,formbricks,2,7.558055555555556,0.0,True,True,False,1,2
formbricks__5f9c12901328,formbricks,1,0.0,0.0,True,True,False,1,1
formbricks__615272efb68f,formbricks,1,0.0,0.0,True,True,False,1,1
formbricks__6edfe8f9db6a,formbricks,1,0.0,0.0,True,True,False,1,1
formbricks__74cd03baa592,formbricks,1,0.0,0.0,True,True,False,1,1
formbricks__83c2d10efb60,formbricks,1,0.0,0.0,True,True,False,1,1
formbricks__8804d78891f8,formbricks,1,0.0,0.0,True,True,False,1,1
formbricks__9a1fe6bf806d,formbricks,1,0.0,0.0,True,True,False,1,1
formbricks__9e7a84135d70,formbricks,1,0.0,0.0,True,True,False,1,1
formbricks__9fddd4dd44da,formbricks,1,0.0,0.0,True,True,False,1,1
formbricks__a14dfde4c290,formbricks,1,0.0,0.0,True,True,False,1,1
formbricks__a24e4d7176a0,formbricks,1,0.0,0.0,True,True,False,1,1
formbricks__a426e2ee8622,formbricks,1,0.0,0.0,True,True,False,1,1
formbricks__b1640a544588,formbricks,2,3.128888888888889,0.0,True,True,True,2,2
formbricks__b9587a7da452,formbricks,1,0.0,0.0,True,True,False,1,1
formbricks__bb4831e101b6,formbricks,1,0.0,0.0,True,True,False,1,1
formbricks__bd27ad76f5ea,formbricks,1,0.0,0.0,True,True,False,1,1
formbricks__c4ecbebbc2a9,formbricks,2,1.3063888888888888,0.0,True,True,False,1,2
formbricks__c6e50874c8a3,formbricks,1,0.0,0.0,True,True,False,1,1
formbricks__c74c743a74a6,formbricks,1,0.0,0.0,True,True,False,1,1
formbricks__d1be4a6cff8e,formbricks,1,0.0,0.0,True,True,False,1,1
formbricks__da7c5c7ba5ca,formbricks,1,0.0,0.0,True,True,False,1,1
formbricks__df05a02659fd,formbricks,1,0.0,0.0,True,True,False,1,1
formbricks__e246e86e446b,formbricks,1,0.0,0.0,True,True,False,1,1
formbricks__e48986e36d38,formbricks,1,0.0,0.0,True,True,False,1,1
formbricks__eb4af545cdec,formbricks,3,1.146388888888889,1.146388888888889,False,False,False,3,1
formbricks__f45c79d3fe37,formbricks,1,0.0,0.0,True,True,False,1,1
formbricks__f85559cf57e2,formbricks,1,0.0,0.0,True,True,False,1,1
formbricks__fa11cb6eb760,formbricks,3,8.24638888888889,0.0,True,True,True,3,3
formbricks__fed7403f087a,formbricks,1,0.0,0.0,True,True,False,1,1
grafana__046c8d56aa1c,grafana,1,0.0,0.0,True,True,False,1,1
grafana__3c05750ed8a2,grafana,10,11.464722222222223,0.022222222222222223,False,False,True,10,6
grafana__5bee1295a0bd,grafana,1,0.0,0.0,True,True,False,1,1
grafana__726645f81206,grafana,16,11.7825,0.0,True,True,True,16,8
grafana__b631518e9055,grafana,14,9.193333333333333,0.0,True,True,True,12,11
grafana__b71de9305549,grafana,1,0.0,0.0,True,True,False,1,1
grafana__c1dcf4965a3a,grafana,15,10.729444444444445,0.49805555555555553,False,False,True,12,12
grafana__d6ec6f0e13dc,grafana,2,1.4925,0.0,True,True,True,2,2
hoppscotch__09f823420734,hoppscotch,1,0.0,0.0,True,True,False,1,1
hoppscotch__2cf35f0a1630,hoppscotch,1,0.0,0.0,True,True,False,1,1
hoppscotch__5cc4a3518376,hoppscotch,1,0.0,0.0,True,True,False,1,1
hoppscotch__65da7702388b,hoppscotch,1,0.0,0.0,True,True,False,1,1
hoppscotch__68948843f66b,hoppscotch,1,0.0,0.0,True,True,False,1,1
hoppscotch__7854259a9bcd,hoppscotch,1,0.0,0.0,True,True,False,1,1
hoppscotch__79c3d3442f37,hoppscotch,1,0.0,0.0,True,True,False,1,1
hoppscotch__8c22bb36311e,hoppscotch,1,0.0,0.0,True,True,False,1,1
hoppscotch__9aaad5f47dcc,hoppscotch,1,0.0,0.0,True,True,False,1,1
hoppscotch__b79b6e19a4fa,hoppscotch,1,0.0,0.0,True,True,False,1,1
hoppscotch__b93a774665a9,hoppscotch,1,0.0,0.0,True,True,False,1,1
hoppscotch__bb87bf999811,hoppscotch,2,2.0027777777777778,0.0,True,True,True,2,2
hoppscotch__c0c49974db13,hoppscotch,1,0.0,0.0,True,True,False,1,1
hoppscotch__c408b3d82806,hoppscotch,1,0.0,0.0,True,True,False,1,1
hoppscotch__d5c3067e2012,hoppscotch,1,0.0,0.0,True,True,False,1,1
hoppscotch__fd297fc8a43c,hoppscotch,1,0.0,0.0,True,True,False,1,1
medusa__2910140b97b7,medusa,1,0.0,0.0,True,True,False,1,1
medusa__d3dfa8ae18c8,medusa,1,0.0,0.0,True,True,False,1,1
medusa__d7cae19119db,medusa,1,0.0,0.0,True,True,False,1,1
payload__0a8e5d8efaa1,payload,1,0.0,0.0,True,True,False,1,1
payload__149d9b7766ac,payload,1,0.0,0.0,True,True,False,1,1
payload__16c941abebfd,payload,1,0.0,0.0,True,True,False,1,1
payload__1ae32f700b80,payload,1,0.0,0.0,True,True,False,1,1
payload__246fb7f9213e,payload,1,0.0,0.0,True,True,False,1,1
payload__32c60d60b8a1,payload,1,0.0,0.0,True,True,False,1,1
payload__5464acd3b813,payload,1,0.0,0.0,True,True,False,1,1
payload__7270174975fe,payload,1,0.0,0.0,True,True,False,1,1
payload__730b19472510,payload,1,0.0,0.0,True,True,False,1,1
payload__8b022d0e8774,payload,1,0.0,0.0,True,True,False,1,1
payload__8c75eded8723,payload,1,0.0,0.0,True,True,False,1,1
payload__8fd82f4370fc,payload,2,1.055,1.055,False,False,False,2,1
payload__97af7716730a,payload,1,0.0,0.0,True,True,False,1,1
payload__fa7ec34970db,payload,1,0.0,0.0,True,True,False,1,1
payload__fb621c1ff7b8,payload,1,0.0,0.0,True,True,False,1,1
rallly__761691a1bfb3,rallly,1,0.0,0.0,True,True,False,1,1
rallly__76aae411d20d,rallly,2,2.7769444444444447,2.7769444444444447,False,False,False,2,1
rallly__98899fd68897,rallly,1,0.0,0.0,True,True,False,1,1
rallly__98d32576e7be,rallly,1,0.0,0.0,True,True,False,1,1
rallly__e56f73c51671,rallly,1,0.0,0.0,True,True,False,1,1
rallly__f1c87a008978,rallly,1,0.0,0.0,True,True,False,1,1
rallly__fa52875fd201,rallly,1,0.0,0.0,True,True,False,1,1
requestly__b8ba3c46037c,requestly,1,0.0,0.0,True,True,False,1,1
saleor__03aeca7dc809,saleor,1,0.0,0.0,True,True,False,1,1
saleor__052836836fbc,saleor,1,0.0,0.0,True,True,False,1,1
saleor__0756cd8dad07,saleor,2,2.0841666666666665,0.0,True,True,True,2,2
saleor__09b926b7dd99,saleor,1,0.0,0.0,True,True,False,1,1
saleor__0a967e363af4,saleor,1,0.0,0.0,True,True,False,1,1
saleor__0bb46cda954c,saleor,1,0.0,0.0,True,True,False,1,1
saleor__0d40a23a919d,saleor,2,0.8733333333333333,0.8733333333333333,False,False,False,2,1
saleor__0f0a9c4a0cc8,saleor,1,0.0,0.0,True,True,False,1,1
saleor__14136326d1b4,saleor,1,0.0,0.0,True,True,False,1,1
saleor__1443c67d77df,saleor,1,0.0,0.0,True,True,False,1,1
saleor__1644075d81b2,saleor,1,0.0,0.0,True,True,False,1,1
saleor__1862b44826ea,saleor,1,0.0,0.0,True,True,False,1,1
saleor__1974800db565,saleor,1,0.0,0.0,True,True,False,1,1
saleor__1aaaae9f2ee9,saleor,2,1.165,0.0,True,True,True,2,2
saleor__30f873a646e4,saleor,1,0.0,0.0,True,True,False,1,1
saleor__344b53f15eaa,saleor,1,0.0,0.0,True,True,False,1,1
saleor__38966a07ccbd,saleor,1,0.0,0.0,True,True,False,1,1
saleor__3b6a818048c7,saleor,1,0.0,0.0,True,True,False,1,1
saleor__3fa181ccbb01,saleor,1,0.0,0.0,True,True,False,1,1
saleor__41f8cefdf931,saleor,1,0.0,0.0,True,True,False,1,1
saleor__47f89d573219,saleor,1,0.0,0.0,True,True,False,1,1
saleor__4bb7ec3ba959,saleor,1,0.0,0.0,True,True,False,1,1
saleor__4f7f7c98c454,saleor,1,0.0,0.0,True,True,False,1,1
saleor__4fd4cafcb76e,saleor,1,0.0,0.0,True,True,False,1,1
saleor__5089ee09bfc4,saleor,1,0.0,0.0,True,True,False,1,1
saleor__528981c53ef2,saleor,1,0.0,0.0,True,True,False,1,1
saleor__5d167e6cfb7d,saleor,1,0.0,0.0,True,True,False,1,1
saleor__5da406cc86f0,saleor,1,0.0,0.0,True,True,False,1,1
saleor__74ddcc2cd861,saleor,2,4.176944444444445,0.0,True,True,True,2,2
saleor__7d6c231fbcee,saleor,1,0.0,0.0,True,True,False,1,1
saleor__85b021c89701,saleor,2,8.537777777777778,8.537777777777778,False,False,False,2,1
saleor__898f59365f5c,saleor,3,3.828888888888889,0.0,True,True,True,3,3
saleor__9ead5c85b9f7,saleor,1,0.0,0.0,True,True,False,1,1
saleor__a11d1fc587f5,saleor,1,0.0,0.0,True,True,False,1,1
saleor__a8d230e6f347,saleor,2,7.877222222222223,7.877222222222223,False,False,False,2,1
saleor__ae64c2e14023,saleor,1,0.0,0.0,True,True,False,1,1
saleor__b40069f18b17,saleor,1,0.0,0.0,True,True,False,1,1
saleor__b57c5df7bb3f,saleor,1,0.0,0.0,True,True,False,1,1
saleor__b95e0e1c23b5,saleor,1,0.0,0.0,True,True,False,1,1
saleor__c144958dce49,saleor,1,0.0,0.0,True,True,False,1,1
saleor__ceecc475a28d,saleor,1,0.0,0.0,True,True,False,1,1
saleor__d20d8e473cdb,saleor,1,0.0,0.0,True,True,False,1,1
saleor__d58248463d96,saleor,1,0.0,0.0,True,True,False,1,1
saleor__daad1c7fe4f3,saleor,1,0.0,0.0,True,True,False,1,1
saleor__de5fad7fe972,saleor,1,0.0,0.0,True,True,False,1,1
saleor__e42358a62dc1,saleor,1,0.0,0.0,True,True,False,1,1
saleor__e43020a8d21f,saleor,1,0.0,0.0,True,True,False,1,1
saleor__ebf66c6a071d,saleor,1,0.0,0.0,True,True,False,1,1
saleor__f011a9f5119c,saleor,1,0.0,0.0,True,True,False,1,1
saleor__f43b2841a210,saleor,1,0.0,0.0,True,True,False,1,1
saleor__f7d1a7aca5d7,saleor,2,3.8133333333333335,3.8133333333333335,False,False,False,2,1
strapi__0b6cbcd409cb,strapi,1,0.0,0.0,True,True,False,1,1
strapi__161eac9943dc,strapi,1,0.0,0.0,True,True,False,1,1
strapi__5e4ede06fb2d,strapi,1,0.0,0.0,True,True,False,1,1
strapi__73569f4520d2,strapi,1,0.0,0.0,True,True,False,1,1
strapi__74569616d6fc,strapi,1,0.0,0.0,True,True,False,1,1
strapi__7850ae1d9078,strapi,3,3.6547222222222224,1.6472222222222221,False,False,True,3,2
strapi__7a376c5187b8,strapi,1,0.0,0.0,True,True,False,1,1
strapi__88ec45fea990,strapi,1,0.0,0.0,True,True,False,1,1
strapi__8ac03f90ad91,strapi,1,0.0,0.0,True,True,False,1,1
strapi__9c4d6409b2d8,strapi,1,0.0,0.0,True,True,False,1,1
strapi__a9e68a17b9ab,strapi,1,0.0,0.0,True,True,False,1,1
strapi__b6c1376f714e,strapi,1,0.0,0.0,True,True,False,1,1
strapi__b929317beae3,strapi,1,0.0,0.0,True,True,False,1,1
strapi__c901080c4b02,strapi,1,0.0,0.0,True,True,False,1,1
strapi__cab26117683f,strapi,1,0.0,0.0,True,True,False,1,1
strapi__e384740693e0,strapi,1,0.0,0.0,True,True,False,1,1
strapi__e4d6d1fa99d2,strapi,1,0.0,0.0,True,True,False,1,1
strapi__fac079537c4b,strapi,1,0.0,0.0,True,True,False,1,1
supabase__42451f2250ea,supabase,1,0.0,0.0,True,True,False,1,1
supabase__5494f1c356ac,supabase,1,0.0,0.0,True,True,False,1,1
typebot__03c173da80c1,typebot,1,0.0,0.0,True,True,False,1,1
typebot__0f8f568e88ef,typebot,1,0.0,0.0,True,True,False,1,1
typebot__21e09472b69e,typebot,1,0.0,0.0,True,True,False,1,1
typebot__23416779fad3,typebot,1,0.0,0.0,True,True,False,1,1
typebot__2e69608a3666,typebot,1,0.0,0.0,True,True,False,1,1
typebot__35a585820ef8,typebot,1,0.0,0.0,True,True,False,1,1
typebot__36ad04161231,typebot,3,3.4525,2.2022222222222223,False,False,True,3,2
typebot__50cdf2db8e54,typebot,1,0.0,0.0,True,True,False,1,1
typebot__5f2a6e18715f,typebot,1,0.0,0.0,True,True,False,1,1
typebot__89af2196a05b,typebot,1,0.0,0.0,True,True,False,1,1
typebot__8caf6e33425a,typebot,1,0.0,0.0,True,True,False,1,1
typebot__b2a8fd47b3b1,typebot,1,0.0,0.0,True,True,False,1,1
typebot__bef0549a690c,typebot,3,0.3472222222222222,0.0,True,True,True,3,2
typebot__cbf0b26ca9ca,typebot,1,0.0,0.0,True,True,False,1,1
typebot__ce2fa5b5c3df,typebot,1,0.0,0.0,True,True,False,1,1
typebot__e63fed753ac5,typebot,2,6.041111111111111,0.0,True,True,True,2,2
typebot__f6e8bab38904,typebot,1,0.0,0.0,True,True,False,1,1
typebot__f7aa0c0f71d0,typebot,1,0.0,0.0,True,True,False,1,1
vendure__1f571e06eb2e,vendure,1,0.0,0.0,True,True,False,1,1
vendure__7cadeff6bbb1,vendure,1,0.0,0.0,True,True,False,1,1
vendure__8536f6be58a9,vendure,1,0.0,0.0,True,True,False,1,1
vendure__8c85fd9909f6,vendure,1,0.0,0.0,True,True,False,1,1
vendure__8de0011be91d,vendure,1,0.0,0.0,True,True,False,1,1
vendure__aa0d3fe78e06,vendure,1,0.0,0.0,True,True,False,1,1
vendure__dc705b45caa2,vendure,1,0.0,0.0,True,True,False,1,1
vendure__e3880fdb3764,vendure,1,0.0,0.0,True,True,False,1,1
vendure__edfab755a24f,vendure,1,0.0,0.0,True,True,False,1,1
