episode_id,repo,split,commit,timestamp_utc,production,test,hours_from_first_member
affine__03478f01929c,affine,train,bcf2a51d4147e88c0f8711ccd4e3cfaf6f735fab,2026-03-21T18:50:14+00:00,1,1,0.0
affine__221fc550d73a,affine,train,eb9cc225020c49881cd711bd835d120cff8701f7,2026-05-06T20:03:14+00:00,1,1,0.0
affine__41d0a248f683,affine,train,d64f36862343467d8a08b27ee6bfcd78e6c6daf5,2026-05-03T16:36:47+00:00,1,1,0.0
affine__452d90d731e9,affine,validation,d20dbfd6a22e277edbad77c10c67005296123ba6,2026-05-20T14:20:12+00:00,1,1,0.0
affine__497683630265,affine,train,5b05c5a1b2de4d19355a5578b7e06effea4e07a7,2026-03-26T13:32:36+00:00,1,1,0.0
affine__4e115eb1f696,affine,train,eb9cc225020c49881cd711bd835d120cff8701f7,2026-05-06T20:03:14+00:00,1,1,0.0
affine__53ed9e9d72bb,affine,train,32a94d68dc25952ccce493a2083274fbeb2d7c8f,2026-05-08T18:32:10+00:00,1,1,0.0
affine__62d1add58b7d,affine,validation,c53457691d306e606d009496f9b2bcb1f9dfbb18,2026-05-19T14:48:05+00:00,1,1,0.0
affine__62d1add58b7d,affine,validation,9f33d37addb91e0b1fe86eee4126d424d391a0c8,2026-05-19T21:48:03+00:00,1,1,6.999444444444444
affine__630af62ab70d,affine,validation,c53457691d306e606d009496f9b2bcb1f9dfbb18,2026-05-19T14:48:05+00:00,1,0,0.0
affine__630af62ab70d,affine,validation,9f33d37addb91e0b1fe86eee4126d424d391a0c8,2026-05-19T21:48:03+00:00,1,1,6.999444444444444
affine__6b20ee8b5202,affine,train,7ac8b14b65006f12f3f0482a4c2418c678cbf13e,2026-03-19T20:04:40+00:00,1,1,0.0
affine__6ec160daa0a8,affine,train,eb9cc225020c49881cd711bd835d120cff8701f7,2026-05-06T20:03:14+00:00,1,1,0.0
affine__6f9add261971,affine,train,bcf2a51d4147e88c0f8711ccd4e3cfaf6f735fab,2026-03-21T18:50:14+00:00,1,1,0.0
affine__78022b0dbbdc,affine,validation,e222f06e940270bd7d3334d4eeaa0b628b78e546,2026-05-13T13:57:50+00:00,1,1,0.0
affine__7b8ec4dc34fc,affine,validation,e222f06e940270bd7d3334d4eeaa0b628b78e546,2026-05-13T13:57:50+00:00,1,1,0.0
affine__85e2c5eb86b2,affine,validation,e9ef3c50c82e6304cd2a332269ad666725169c6d,2026-05-15T12:18:22+00:00,1,1,0.0
affine__8f77b828a349,affine,train,9ca520a81f4a4064b925cc9a87903496dfbb78e7,2026-03-29T14:17:10+00:00,1,1,0.0
affine__91625e588410,affine,train,e3391c0577fe7e811297d6ce658e79e4d9b2140b,2026-04-06T18:08:36+00:00,1,1,0.0
affine__91625e588410,affine,train,f41bc2d5c3ecd40de79b60650bed67a26224c52a,2026-04-06T18:09:05+00:00,1,0,0.008055555555555555
affine__91625e588410,affine,train,a1ae7d11a3cce3f61514197c0be11f1e4427872d,2026-04-06T18:12:02+00:00,0,1,0.05722222222222222
affine__9f5e8add110b,affine,train,558400b7db505302de273c7ac34878f61ebefa85,2026-04-05T09:10:01+00:00,1,1,0.0
affine__9f5e8add110b,affine,train,b0cc2fd389fae030bd3f21dd005db3333061b0c8,2026-04-05T09:16:31+00:00,1,1,0.10833333333333334
affine__aa72a26cb6e8,affine,train,7ac8b14b65006f12f3f0482a4c2418c678cbf13e,2026-03-19T20:04:40+00:00,1,1,0.0
affine__ac7e10604287,affine,train,e3391c0577fe7e811297d6ce658e79e4d9b2140b,2026-04-06T18:08:36+00:00,1,1,0.0
affine__ac8c136d445d,affine,train,417d31cabe478c86c20bd419aafac601d4901924,2026-05-09T15:33:37+00:00,1,1,0.0
affine__ade0de7bf746,affine,validation,8cf00738c29a1587e5e6497594e73c86c198565e,2026-05-10T15:21:50+00:00,1,1,0.0
affine__ade0de7bf746,affine,validation,db0ff0a9df6e228e6dda4475990865d69478ae37,2026-05-10T16:33:25+00:00,1,1,1.1930555555555555
affine__adfb23fa85f2,affine,train,417d31cabe478c86c20bd419aafac601d4901924,2026-05-09T15:33:37+00:00,1,1,0.0
affine__b3a8bd49fd55,affine,train,f81abe692de211633f2f7fc58bbefe10f2e6c2df,2026-04-05T12:20:58+00:00,1,1,0.0
affine__b4925b4e707d,affine,train,5b05c5a1b2de4d19355a5578b7e06effea4e07a7,2026-03-26T13:32:36+00:00,1,1,0.0
affine__b5affd428d27,affine,train,9b56a051597daa6675afe838e1a878c8d41eb4ec,2026-03-23T14:38:52+00:00,1,1,0.0
affine__b65e4ec32965,affine,train,7ac8b14b65006f12f3f0482a4c2418c678cbf13e,2026-03-19T20:04:40+00:00,1,1,0.0
affine__b6f4f9e4586e,affine,train,9b56a051597daa6675afe838e1a878c8d41eb4ec,2026-03-23T14:38:52+00:00,1,1,0.0
affine__b82e5f511661,affine,train,193ec14ad358709dfa4848acb8637699258a0a1f,2026-04-06T09:16:34+00:00,1,1,0.0
affine__bafeebb0c118,affine,train,7ac8b14b65006f12f3f0482a4c2418c678cbf13e,2026-03-19T20:04:40+00:00,1,1,0.0
affine__bf9b09cd9196,affine,train,9c55edeb62c84a4f5bf03e42c663c11b3c317792,2026-03-07T16:53:16+00:00,1,1,0.0
affine__c2f48fe4a45f,affine,train,9c55edeb62c84a4f5bf03e42c663c11b3c317792,2026-03-07T16:53:16+00:00,1,1,0.0
affine__e5ef8885a002,affine,validation,0f5778ac894eb97845ce2ad20e695671363cedaf,2026-05-17T12:40:36+00:00,1,1,0.0
affine__e88a176761b0,affine,train,aa48c1c18bbbb545d0675e0de01236b05e54fdd9,2026-04-05T09:35:39+00:00,1,0,0.0
affine__e88a176761b0,affine,train,f81abe692de211633f2f7fc58bbefe10f2e6c2df,2026-04-05T12:20:58+00:00,1,1,2.7552777777777777
affine__e88a176761b0,affine,train,64149d909aa85f6e954e6608b7ef81b574ebc713,2026-04-05T12:43:09+00:00,1,1,3.125
affine__eb90ff75f9c8,affine,train,16a8f17717b69bfa2350d07e21ec0009411ebb82,2026-03-19T20:02:37+00:00,1,1,0.0
affine__f09468ce3923,affine,validation,e222f06e940270bd7d3334d4eeaa0b628b78e546,2026-05-13T13:57:50+00:00,1,1,0.0
affine__f4fdcc6dd920,affine,train,7ac8b14b65006f12f3f0482a4c2418c678cbf13e,2026-03-19T20:04:40+00:00,1,1,0.0
affine__f938f740a118,affine,train,eb9cc225020c49881cd711bd835d120cff8701f7,2026-05-06T20:03:14+00:00,1,1,0.0
affine__ffec8f19d52c,affine,train,9b56a051597daa6675afe838e1a878c8d41eb4ec,2026-03-23T14:38:52+00:00,1,1,0.0
cal.com__01326c3bfff5,cal.com,train,a71d949a0c6398253523ee4884a53e4b4490397f,2025-08-05T16:47:50+00:00,1,1,0.0
cal.com__05b6849de67e,cal.com,train,13e2e340ace68294ce76c75296ac709a87a162fd,2025-08-15T11:30:04+00:00,1,1,0.0
cal.com__08b521b4eaba,cal.com,validation,28ff8097394dd9226fc3a327df8788a19a5fc216,2025-08-25T10:27:34+00:00,1,1,0.0
cal.com__1ead9182745f,cal.com,train,242f86891ab4b1a8f74c25a2b86f874aa4577fe9,2025-08-11T02:41:45+00:00,1,0,0.0
cal.com__1ead9182745f,cal.com,train,759d5b8663b3bf2c3def713bbee6beb00fc6baf7,2025-08-11T10:33:46+00:00,1,1,7.866944444444444
cal.com__1ead9182745f,cal.com,train,af51df2b4da533407812262ebc1c5ea71173efe3,2025-08-11T11:04:23+00:00,1,0,8.377222222222223
cal.com__1ead9182745f,cal.com,train,ebeb008f9b953d65ebc2f03a8966df4e2ba3db5f,2025-08-11T12:24:15+00:00,1,1,9.708333333333334
cal.com__31f9ecc1eaae,cal.com,train,4c01f171aebcc5a64453c27e950303902cc15309,2025-08-14T12:27:59+00:00,1,1,0.0
cal.com__511893d8f1a7,cal.com,train,1914b37ee423c8e8bc3e5137facdfe18ce1597c9,2025-08-13T16:24:19+00:00,1,1,0.0
cal.com__513653123ebd,cal.com,train,6c6cf0433ad02abb2ded79b9614efd0641f7a76d,2025-08-12T11:47:26+00:00,1,1,0.0
cal.com__520642329292,cal.com,train,e29b7e83b8eae19114a39ca1d6aa6a21408c1094,2025-08-08T11:56:13+00:00,1,1,0.0
cal.com__5b34e9640e60,cal.com,train,b41031626f42794957d2f8dc38feec00010ce3a6,2025-08-06T12:54:57+00:00,1,1,0.0
cal.com__5e47c955bf7b,cal.com,train,6fe6540bc62fcc2681b2b17254c31611e1ae661f,2025-08-08T12:18:18+00:00,1,1,0.0
cal.com__73bce329ad3d,cal.com,validation,9e9f815809d510ffac766ac6f89051e1b08e28ec,2025-08-19T07:59:16+00:00,1,1,0.0
cal.com__82aa08f2ad72,cal.com,train,a784af3e471d5aeb801c813c62d1ee2401d6f35d,2025-08-14T11:30:38+00:00,1,0,0.0
cal.com__82aa08f2ad72,cal.com,train,c989817373df9d91645802435bebf9605bd690b0,2025-08-14T14:35:12+00:00,1,1,3.076111111111111
cal.com__881c9e4f1763,cal.com,train,94a04f0dc25d6b7dcc8c02be74910acda3e70857,2025-08-13T09:39:00+00:00,1,0,0.0
cal.com__881c9e4f1763,cal.com,train,b7fda31678b8f7263f8484c119d14e524dc835de,2025-08-13T10:48:17+00:00,1,1,1.1547222222222222
cal.com__8d296f230b73,cal.com,validation,0ec1638ca716d3188408b7616e216c1c3d55470c,2025-08-25T01:30:45+00:00,1,0,0.0
cal.com__8d296f230b73,cal.com,validation,9b7c6585d85ac0339c7c1010891d984358393495,2025-08-25T07:42:27+00:00,1,1,6.195
cal.com__8d296f230b73,cal.com,validation,5bab2af500cef7eaa459fab5a13022b12c2d02b6,2025-08-25T09:11:18+00:00,1,1,7.675833333333333
cal.com__90a409c66d8e,cal.com,train,e29b7e83b8eae19114a39ca1d6aa6a21408c1094,2025-08-08T11:56:13+00:00,1,1,0.0
cal.com__aaf4541161f9,cal.com,validation,b8f0000b59edb270b400c4808910d5c6b50f4679,2025-08-19T13:28:02+00:00,1,1,0.0
cal.com__acc2d983f31e,cal.com,train,4d662d31a18b953df4b2b7e39bd7bc5b47053d30,2025-08-08T13:42:36+00:00,1,1,0.0
cal.com__bf91db6d7a59,cal.com,train,3133eb5aebeb369eca2d8424218efc639b9e02f6,2025-08-11T17:06:26+00:00,1,1,0.0
cal.com__e28bfcc98795,cal.com,train,be9ab02a7eca5c98564c1e2527bae8d63b78f98f,2025-08-08T05:15:14+00:00,1,0,0.0
cal.com__e28bfcc98795,cal.com,train,736f1f594c6a956d2eca32ffe054b71be186b2bc,2025-08-08T06:48:28+00:00,1,0,1.5538888888888889
cal.com__e28bfcc98795,cal.com,train,3ea73e75d6352b6e8d77be4185fa97faa58dc2aa,2025-08-08T08:48:18+00:00,1,1,3.551111111111111
cal.com__e28bfcc98795,cal.com,train,29314cde752bf134c6c15e5b04a21e3005cfbfc2,2025-08-08T09:14:08+00:00,1,1,3.9816666666666665
cal.com__e28bfcc98795,cal.com,train,e29b7e83b8eae19114a39ca1d6aa6a21408c1094,2025-08-08T11:56:13+00:00,1,1,6.683055555555556
cal.com__e28bfcc98795,cal.com,train,6fe6540bc62fcc2681b2b17254c31611e1ae661f,2025-08-08T12:18:18+00:00,1,1,7.051111111111111
cal.com__e8297e6e6cf4,cal.com,train,ebeb008f9b953d65ebc2f03a8966df4e2ba3db5f,2025-08-11T12:24:15+00:00,1,1,0.0
cal.com__e8297e6e6cf4,cal.com,train,c20e723e34aa9b5ddd39ca17dc2c0514fd7907c2,2025-08-11T15:38:40+00:00,1,1,3.2402777777777776
cal.com__e8d5475ff046,cal.com,validation,a082cf73a01e121cb4956fafc9f84fabc1adf26a,2025-08-22T12:22:22+00:00,1,1,0.0
cal.com__f100a0848fc6,cal.com,train,211b958c58b8d197b4980321f9220877fd9c9226,2025-08-12T10:18:21+00:00,1,1,0.0
cal.com__fb57dd2b0722,cal.com,validation,22663014697b33a5b34bff240bd929d325aaf13b,2025-08-22T07:18:18+00:00,1,1,0.0
cal.com__ff0550147c08,cal.com,train,ed6f9d825286a7e1a9d693ede281a605f4d19368,2025-08-18T10:34:48+00:00,1,0,0.0
cal.com__ff0550147c08,cal.com,train,a8a3a93ace51eb8713a7ea06dc4baa58ead54a0a,2025-08-18T11:44:40+00:00,1,1,1.1644444444444444
cal.com__ff0550147c08,cal.com,train,e18b790ccdaacd30a2ed09179367d6a0f49140b9,2025-08-18T14:17:27+00:00,1,0,3.7108333333333334
cal.com__ff0550147c08,cal.com,train,7e6d94c8e0cd0f109a37d07c86423a9bfdd30233,2025-08-18T14:57:22+00:00,1,1,4.376111111111111
chatwoot__04d6cb9371ab,chatwoot,train,837026c146e97a7d4e6779f72571bb427d13056d,2026-01-09T17:32:09+00:00,1,1,0.0
chatwoot__0825692ff354,chatwoot,train,821a5b85c2a3462c4632569c6b39d7d7e1698bdb,2026-01-13T08:30:26+00:00,1,1,0.0
chatwoot__085847d2ad82,chatwoot,validation,42a244369d4bd9c13de96ca2ac87ec0dd8e599a2,2026-03-05T07:23:38+00:00,1,1,0.0
chatwoot__10c0dac4da6e,chatwoot,validation,42a244369d4bd9c13de96ca2ac87ec0dd8e599a2,2026-03-05T07:23:38+00:00,1,1,0.0
chatwoot__1ac34730be25,chatwoot,train,4e0b091ef808d52d1821a6490e1b293830dd1a9b,2026-01-14T09:07:46+00:00,1,1,0.0
chatwoot__1f4f8ae24e79,chatwoot,validation,88587b1ccbfc8e957c035598b213ed46d8f6308a,2026-03-06T08:20:22+00:00,1,1,0.0
chatwoot__254bf703d838,chatwoot,train,7b2b3ac37d5e6bae7c37c0c7c8cf94cd8ef4d3b0,2026-02-19T09:34:40+00:00,1,1,0.0
chatwoot__2f5dabdb75dc,chatwoot,train,0d3b59fd9cb05fb19efd5222e22d01bad095d310,2026-02-06T12:52:30+00:00,1,1,0.0
chatwoot__312827b1e56f,chatwoot,train,0e30e3c00a9afbf4024716b3f6723fe27e488f1b,2026-02-06T14:23:46+00:00,1,1,0.0
chatwoot__3247ad50a689,chatwoot,train,7b2b3ac37d5e6bae7c37c0c7c8cf94cd8ef4d3b0,2026-02-19T09:34:40+00:00,1,1,0.0
chatwoot__43c550bc55be,chatwoot,train,747d4513878e5ec2cae47189e1d73812847293cb,2026-01-23T02:47:42+00:00,1,1,0.0
chatwoot__717bf5e2a805,chatwoot,train,04b2901e1f70b31683ee3c9eb972c48d81bd7f26,2026-01-27T07:36:20+00:00,1,1,0.0
chatwoot__7235aa452e00,chatwoot,train,a8b302d4cd1950c76184488b4b1ae01ca4faba7b,2026-01-16T03:53:57+00:00,1,1,0.0
chatwoot__76e3344da1bb,chatwoot,train,a2e348df06baae9afe600a4e764b629f43ffc4ec,2026-01-12T05:52:44+00:00,1,1,0.0
chatwoot__7ebd0f5dbc29,chatwoot,train,8eb6fd1bff511eaa36100ef653d633e8ec8ac670,2026-01-22T13:08:04+00:00,1,1,0.0
chatwoot__a7baeb2e005d,chatwoot,train,229f56d6e3422979ef52bcd2d9093df8aeb8303c,2026-02-17T11:10:12+00:00,1,1,0.0
chatwoot__ae34e61373c4,chatwoot,train,04b2901e1f70b31683ee3c9eb972c48d81bd7f26,2026-01-27T07:36:20+00:00,1,1,0.0
chatwoot__b664e6bb50f0,chatwoot,train,a8b302d4cd1950c76184488b4b1ae01ca4faba7b,2026-01-16T03:53:57+00:00,1,1,0.0
chatwoot__b67a5977771d,chatwoot,train,1a220b29828a3badb5950c936ba7d17d1e26b93a,2026-01-13T13:22:10+00:00,1,1,0.0
chatwoot__d3ea046c1341,chatwoot,train,b2526569840c0114a5c768078be0d4a2db7364ce,2026-02-10T09:53:14+00:00,1,1,0.0
chatwoot__d3ea046c1341,chatwoot,train,e65ea24360123eacb9bbd000278265fb91b307c5,2026-02-10T09:53:55+00:00,1,1,0.01138888888888889
chatwoot__d685fab6687f,chatwoot,validation,42a244369d4bd9c13de96ca2ac87ec0dd8e599a2,2026-03-05T07:23:38+00:00,1,1,0.0
chatwoot__e0d39f14270f,chatwoot,validation,9fab70aebfd255160fb9c047c9da1678c0daed7c,2026-02-25T17:08:24+00:00,1,1,0.0
chatwoot__ea482c18673e,chatwoot,validation,89da4a2292386b5a8bc9680752ba9df0a14ddc1d,2026-03-02T12:57:51+00:00,1,1,0.0
chatwoot__eab3b397d1fc,chatwoot,train,6a482926b4abca4792bd228001021ce190ae8187,2026-01-21T08:09:07+00:00,1,1,0.0
chatwoot__f13c4f53baae,chatwoot,validation,6e46be36c82d1321313451efb41c21fbbce57a59,2026-03-11T09:01:53+00:00,1,1,0.0
chatwoot__f4e41c76efda,chatwoot,validation,939471cb3bf8c74603f6a331e8a95c280568fc64,2026-03-06T10:07:02+00:00,1,1,0.0
chatwoot__f679b7df062e,chatwoot,train,6a482926b4abca4792bd228001021ce190ae8187,2026-01-21T08:09:07+00:00,1,1,0.0
chatwoot__f679b7df062e,chatwoot,train,cc5ec833dceba893349f259984ffb886ee330c36,2026-01-21T09:41:41+00:00,1,1,1.5427777777777778
chatwoot__fd10754bdb7c,chatwoot,validation,6e46be36c82d1321313451efb41c21fbbce57a59,2026-03-11T09:01:53+00:00,1,1,0.0
chatwoot__fe756a85956c,chatwoot,train,ded2f2751affd9267ac8a6d25f5dc4597c9ed775,2026-01-09T02:37:42+00:00,1,1,0.0
documenso__0131bbb36743,documenso,train,d77f81163b5425884256d282bf0c966f3f5fb37a,2026-01-29T01:22:07+00:00,1,0,0.0
documenso__0131bbb36743,documenso,train,d18dcb4d606e8b90b740145964e48d910e5b7802,2026-01-29T02:13:45+00:00,1,0,0.8605555555555555
documenso__0131bbb36743,documenso,train,1b0df2d08236ce7068d00b964cff271233287c46,2026-01-29T02:30:48+00:00,1,1,1.1447222222222222
documenso__04535f6ee75a,documenso,train,0a3e0b87270399993e900388d2ea120eb07591ae,2026-01-26T04:22:12+00:00,1,1,0.0
documenso__15536e43c0a6,documenso,train,8fca029d961e3ca5661334c0eeb0483e3d62100e,2025-12-08T08:17:23+00:00,1,1,0.0
documenso__172160b44889,documenso,train,006b1d0a579e36448983b0a4d624805d7230ef4e,2026-02-20T00:36:20+00:00,1,1,0.0
documenso__306a5155bd12,documenso,validation,c4754553c99fe7be85e7613683c8afb994f35efd,2026-03-08T23:44:51+00:00,1,1,0.0
documenso__4731e80d8953,documenso,train,2f2730475011b7e0ff8c58afb2a24b22dd411ad7,2026-01-13T01:38:10+00:00,1,0,0.0
documenso__4731e80d8953,documenso,train,cef7987a7242d8630d7bdf9ae11914dc06244493,2026-01-13T03:18:10+00:00,1,0,1.6666666666666667
documenso__4731e80d8953,documenso,train,bb3e9583e48ef9f1238e276cc0bf487e5fdbbfcc,2026-01-13T09:32:00+00:00,1,1,7.897222222222222
documenso__ae19792d5720,documenso,validation,0ce909a2981fdf06057c4b8b455b741a9b935f87,2026-03-06T01:38:40+00:00,1,1,0.0
documenso__e439d4dfeaba,documenso,train,c976e747e37c292514f5e0da7b1a6b371613044e,2026-01-14T01:06:28+00:00,1,1,0.0
documenso__e440153f4310,documenso,validation,6faa01d38404e7542a905e95a21c7d62e1d5718c,2026-03-06T01:39:03+00:00,1,1,0.0
documenso__e440153f4310,documenso,validation,7ea664214ab25e064443c6eed31016fafdd78147,2026-03-06T03:11:27+00:00,1,1,1.54
documenso__e8d7f087e177,documenso,train,baa2c511235556f78c3b6f15c53f0cb72265a1ca,2025-12-23T11:08:54+00:00,1,0,0.0
documenso__e8d7f087e177,documenso,train,aa1cada79b92834a148c6bdfb8e304a76f833e16,2025-12-23T11:51:51+00:00,1,1,0.7158333333333333
formbricks__07dacfb3056a,formbricks,train,15dc83a4eb5fcebef71820a47e3a2edf66df7b3f,2025-12-17T15:13:28+00:00,1,1,0.0
formbricks__10b403ec8f4e,formbricks,train,15dc83a4eb5fcebef71820a47e3a2edf66df7b3f,2025-12-17T15:13:28+00:00,1,1,0.0
formbricks__124261cf1d66,formbricks,validation,1db1271e7f818d5d584f40812f16e2925b5de5ba,2026-01-21T15:23:09+00:00,1,1,0.0
formbricks__18382d84106b,formbricks,train,98cb2de02ba8a945743e3eaadcbabe4ba08e5eb0,2025-12-26T10:02:37+00:00,1,1,0.0
formbricks__1e9b38355970,formbricks,train,15dc83a4eb5fcebef71820a47e3a2edf66df7b3f,2025-12-17T15:13:28+00:00,1,1,0.0
formbricks__425f2e740468,formbricks,train,42525a86a8c6686369ce2cae0c345b22535de096,2025-12-12T06:03:35+00:00,1,1,0.0
formbricks__55c15414daf8,formbricks,validation,acc3b0179a09566836bb10fd4ebb57723baec73e,2025-12-30T08:56:14+00:00,1,1,0.0
formbricks__59b78e082bce,formbricks,train,a8eea306e53d945ee4d5d6f039e86da282832bbc,2025-12-08T14:49:44+00:00,1,1,0.0
formbricks__5ed4d8e60c58,formbricks,validation,48cded16461c03c4f27e22a55a89fc5c9b63b532,2026-01-14T09:50:05+00:00,1,1,0.0
formbricks__5ed4d8e60c58,formbricks,validation,95831f7c7fda2d567a84efc4069f79563d9903be,2026-01-14T17:23:34+00:00,0,1,7.558055555555556
formbricks__5f9c12901328,formbricks,train,35d0d8ed54a0c39aee2af17d0a07b72742a3e02c,2025-11-17T11:06:32+00:00,1,1,0.0
formbricks__615272efb68f,formbricks,train,a2d3e37d6949d07a79b7d2c9eaefc2940d0f2d04,2025-12-24T05:54:52+00:00,1,1,0.0
formbricks__6edfe8f9db6a,formbricks,train,b70b2eef95c23684d668a084e6787828585adfd8,2025-12-20T08:08:48+00:00,1,1,0.0
formbricks__74cd03baa592,formbricks,train,65abd4ee07144ace02c1e4b53117053c4087bf6f,2025-12-24T06:39:46+00:00,1,1,0.0
formbricks__83c2d10efb60,formbricks,train,f00d0b7e200c5961d6932d6b10317c2b3b38873d,2025-12-25T07:10:56+00:00,1,1,0.0
formbricks__8804d78891f8,formbricks,validation,b33aae0a731c52fc3d9cb28aea55a4b2f79793bc,2026-01-13T10:08:50+00:00,1,1,0.0
formbricks__9a1fe6bf806d,formbricks,train,f888aa8a1966930621196186ce67144c3fa2e804,2025-11-28T12:36:17+00:00,1,1,0.0
formbricks__9e7a84135d70,formbricks,train,f888aa8a1966930621196186ce67144c3fa2e804,2025-11-28T12:36:17+00:00,1,1,0.0
formbricks__9fddd4dd44da,formbricks,validation,ca67c4d5a89b24cfcac8cf17f7e0d20ae07aac16,2025-12-31T07:24:04+00:00,1,1,0.0
formbricks__a14dfde4c290,formbricks,train,28adfb905c7c550ec17ecf965b667349a9dc0142,2025-11-21T07:13:21+00:00,1,1,0.0
formbricks__a24e4d7176a0,formbricks,train,a8eea306e53d945ee4d5d6f039e86da282832bbc,2025-12-08T14:49:44+00:00,1,1,0.0
formbricks__a426e2ee8622,formbricks,train,2d7b99ba262bc6f547c5c4e37f77e1ab26318c1a,2025-12-12T05:01:48+00:00,1,1,0.0
formbricks__b1640a544588,formbricks,train,f07092595ff23cb5be1cced33e1fd7450938cd2e,2025-11-25T09:49:59+00:00,1,1,0.0
formbricks__b1640a544588,formbricks,train,aab6798b29cd38845bac39e64b77e4650f2173ff,2025-11-25T12:57:43+00:00,1,1,3.128888888888889
formbricks__b9587a7da452,formbricks,train,cfdf09650f562b32434b7cb95b2c357e845ac425,2025-12-03T09:15:34+00:00,1,1,0.0
formbricks__bb4831e101b6,formbricks,validation,9f0fe69b6b43267dfa73757a532567fba86b9e80,2025-12-29T06:19:54+00:00,1,1,0.0
formbricks__bd27ad76f5ea,formbricks,train,b70b2eef95c23684d668a084e6787828585adfd8,2025-12-20T08:08:48+00:00,1,1,0.0
formbricks__c4ecbebbc2a9,formbricks,train,d7bbd219a342ee74da8db80e1182b981033c4246,2025-10-28T07:45:59+00:00,1,1,0.0
formbricks__c4ecbebbc2a9,formbricks,train,056e572a313f02368a30530c9ba8e735c813cd69,2025-10-28T09:04:22+00:00,0,1,1.3063888888888888
formbricks__c6e50874c8a3,formbricks,train,75cdb25d27269c16578e81063b7309ed7c50d50b,2025-12-14T08:18:11+00:00,1,1,0.0
formbricks__c74c743a74a6,formbricks,train,ed264273028297c0c166c1dbea4fcfb35ace6ec9,2025-11-21T15:17:39+00:00,1,1,0.0
formbricks__d1be4a6cff8e,formbricks,train,9ae66f44aebc99fff5a58f0c7b34d131d71f3cd7,2025-11-18T10:14:45+00:00,1,1,0.0
formbricks__da7c5c7ba5ca,formbricks,validation,d474a94a216ee8e5064d53d2002314d3ebe23a34,2026-01-15T17:57:50+00:00,1,1,0.0
formbricks__df05a02659fd,formbricks,train,b355d05b2547a58cc36b4c6f2fd92e14b89f235b,2025-11-06T14:53:29+00:00,1,1,0.0
formbricks__e246e86e446b,formbricks,train,13be7a89705558e53a76afb0a0ddaa505ae924bf,2025-11-19T06:31:41+00:00,1,1,0.0
formbricks__e48986e36d38,formbricks,train,0f34d9cc5f2fc710f6f2780e2b79cb39f688855c,2025-12-16T10:09:47+00:00,1,1,0.0
formbricks__eb4af545cdec,formbricks,validation,22ea7302bbc1b9951568f28a89aa8ae925e0960f,2026-01-21T14:14:22+00:00,1,0,0.0
formbricks__eb4af545cdec,formbricks,validation,d5a70796dda15847cb275948db3a36c823a8ac1d,2026-01-21T14:41:36+00:00,1,0,0.4538888888888889
formbricks__eb4af545cdec,formbricks,validation,1db1271e7f818d5d584f40812f16e2925b5de5ba,2026-01-21T15:23:09+00:00,1,1,1.146388888888889
formbricks__f45c79d3fe37,formbricks,validation,fa2b63d6a1a0f1bf22f86f25f62fc3d35aafc1a9,2025-12-29T12:44:32+00:00,1,1,0.0
formbricks__f85559cf57e2,formbricks,validation,8d47ab970978057745f9ef71227db5eab2343a5b,2026-01-21T07:08:22+00:00,1,1,0.0
formbricks__fa11cb6eb760,formbricks,validation,8d47ab970978057745f9ef71227db5eab2343a5b,2026-01-21T07:08:22+00:00,1,1,0.0
formbricks__fa11cb6eb760,formbricks,validation,d5a70796dda15847cb275948db3a36c823a8ac1d,2026-01-21T14:41:36+00:00,1,1,7.553888888888889
formbricks__fa11cb6eb760,formbricks,validation,1db1271e7f818d5d584f40812f16e2925b5de5ba,2026-01-21T15:23:09+00:00,1,1,8.24638888888889
formbricks__fed7403f087a,formbricks,validation,2b526a87cadc745669bf40fa44e209cb787cd9fc,2026-01-19T13:32:01+00:00,1,1,0.0
grafana__046c8d56aa1c,grafana,train,789756c3d358560af96cf06dd2366d2db7714313,2026-05-13T07:56:50+00:00,1,1,0.0
grafana__3c05750ed8a2,grafana,train,0dd36d1cd99679a6e1440fc6c9e6d4b931d7c012,2026-05-13T09:12:08+00:00,1,0,0.0
grafana__3c05750ed8a2,grafana,train,2f5862aafa6b470575f3f4b1ce8fc2ece5fb3c0c,2026-05-13T09:13:28+00:00,1,1,0.022222222222222223
grafana__3c05750ed8a2,grafana,train,a415ed45d4dabfc8372b741f619b28559d933bcf,2026-05-13T09:20:35+00:00,1,0,0.14083333333333334
grafana__3c05750ed8a2,grafana,train,4957b70fd2d481614b76d090ead6fd2e83cc700b,2026-05-13T09:30:10+00:00,1,1,0.3005555555555556
grafana__3c05750ed8a2,grafana,train,e95e842fbbded37bc54199519dd0da1307bf9e27,2026-05-13T09:33:23+00:00,1,0,0.3541666666666667
grafana__3c05750ed8a2,grafana,train,4f5d86e42c9d19f60f1a233f6a1a86a5c5422005,2026-05-13T13:23:58+00:00,1,0,4.197222222222222
grafana__3c05750ed8a2,grafana,train,54967c633e2f7bf895a23bbfdeef559f561784f1,2026-05-13T16:55:39+00:00,1,1,7.7252777777777775
grafana__3c05750ed8a2,grafana,train,30771a9e34b849928654557e09dba8c3ad58650f,2026-05-13T20:13:47+00:00,1,1,11.0275
grafana__3c05750ed8a2,grafana,train,c6e1e3d92c378ebd134710a18d62371a5af776ed,2026-05-13T20:23:13+00:00,1,1,11.184722222222222
grafana__3c05750ed8a2,grafana,train,baf81d96700118313429fbce33a263ef3bb7886d,2026-05-13T20:40:01+00:00,1,1,11.464722222222223
grafana__5bee1295a0bd,grafana,validation,937563f9cd4a85091b1e2795ba5c8a2377cebc40,2026-05-16T07:27:25+00:00,1,1,0.0
grafana__726645f81206,grafana,train,a3ef267b66576482c6634daf7c13a9b42be26542,2026-05-14T09:34:46+00:00,1,1,0.0
grafana__726645f81206,grafana,train,afcae8f04b841e3925029a4855bad0a22f9a1d3b,2026-05-14T10:03:14+00:00,1,0,0.47444444444444445
grafana__726645f81206,grafana,train,a3b051b55b0b8b0f88505d0598e74230d887ea80,2026-05-14T10:04:26+00:00,1,1,0.49444444444444446
grafana__726645f81206,grafana,train,b3d8cb89b7ea533c8b8130ebc3b21ba82b919e22,2026-05-14T10:45:20+00:00,1,1,1.176111111111111
grafana__726645f81206,grafana,train,993d88a07804ba0d9204a0094fe21f9a37de03f2,2026-05-14T12:33:59+00:00,1,0,2.9869444444444446
grafana__726645f81206,grafana,train,b0e283c47253460f2aa5152a53aaf6039820b3ad,2026-05-14T12:36:06+00:00,1,1,3.022222222222222
grafana__726645f81206,grafana,train,53145a13e878ee2470d1f254ab96a931a05753f9,2026-05-14T12:56:34+00:00,1,0,3.3633333333333333
grafana__726645f81206,grafana,train,d0ee5744217db6ffe374530058d156b913db1fa2,2026-05-14T13:29:34+00:00,1,0,3.9133333333333336
grafana__726645f81206,grafana,train,372d23b94ca707fb9794ea51a4f2ad66a9da7eb0,2026-05-14T15:05:07+00:00,1,0,5.505833333333333
grafana__726645f81206,grafana,train,c2799f61957809e31d785b06aa4525a49d71de39,2026-05-14T15:26:17+00:00,1,0,5.858611111111111
grafana__726645f81206,grafana,train,c6345ce2ceee7c554f224bad094bd8d8c74942ef,2026-05-14T16:00:47+00:00,1,0,6.433611111111111
grafana__726645f81206,grafana,train,c4d4bd4daab7cef6774daafa81b95a3d978098a2,2026-05-14T16:26:19+00:00,1,1,6.859166666666667
grafana__726645f81206,grafana,train,c3426382436ed446edf121258926ed97f255645a,2026-05-14T19:16:58+00:00,1,1,9.703333333333333
grafana__726645f81206,grafana,train,a46a943e81d159201ed170bfaee61459de362eee,2026-05-14T20:30:46+00:00,1,1,10.933333333333334
grafana__726645f81206,grafana,train,2732b0aea6910b2dedf38c735318f4661849e7ad,2026-05-14T20:51:45+00:00,1,0,11.283055555555556
grafana__726645f81206,grafana,train,fae43e292aa0d685eaa8ca7bee53a5411324b5ea,2026-05-14T21:21:43+00:00,1,1,11.7825
grafana__b631518e9055,grafana,train,e702a5fc16e9f3ae6901aff0758e98df5b429ea8,2026-05-12T08:29:36+00:00,1,1,0.0
grafana__b631518e9055,grafana,train,89d6ad6198de7157c7ab8baa059bcb26d9c0e723,2026-05-12T09:13:33+00:00,1,0,0.7325
grafana__b631518e9055,grafana,train,f5be75e3d4ed440c37e90c9e348843f9bc85b276,2026-05-12T09:59:25+00:00,1,0,1.4969444444444444
grafana__b631518e9055,grafana,train,51ec79fe06cda43f5d2db7cc5b3bd452f927ffd4,2026-05-12T11:16:29+00:00,1,1,2.781388888888889
grafana__b631518e9055,grafana,train,f1fda2d4cbcfd877cb4ff3e6fa2302224ac6e9b0,2026-05-12T11:39:31+00:00,1,1,3.165277777777778
grafana__b631518e9055,grafana,train,bd7dd42744aaed86a2b2a58db11be120a38efcda,2026-05-12T12:22:36+00:00,1,0,3.8833333333333333
grafana__b631518e9055,grafana,train,ae623a26532ce61763eb0c4280ccbf519d6929b8,2026-05-12T12:54:18+00:00,1,1,4.411666666666667
grafana__b631518e9055,grafana,train,b783e7159b3b2f2c0ec3e4e118950f1746280599,2026-05-12T13:12:13+00:00,1,1,4.710277777777778
grafana__b631518e9055,grafana,train,914afa4eea40854df3dde2c1b7064f62c7149897,2026-05-12T13:26:12+00:00,1,1,4.943333333333333
grafana__b631518e9055,grafana,train,2ac875da6b35f07f4f274a19c40f79e1f3190b2a,2026-05-12T14:19:47+00:00,0,1,5.836388888888889
grafana__b631518e9055,grafana,train,d712318e3108d2dd6cbd7013ae7ce61a139d20df,2026-05-12T16:06:12+00:00,1,1,7.61
grafana__b631518e9055,grafana,train,1e30f4eae75e66f60acd87f75d4de8cb3c9bb1cb,2026-05-12T16:35:42+00:00,0,1,8.101666666666667
grafana__b631518e9055,grafana,train,8965759c0120b653abfa2cf8de3f6fba5729343d,2026-05-12T17:26:20+00:00,1,1,8.945555555555556
grafana__b631518e9055,grafana,train,c612ad08a76f76c84112a27bcfa825f40e01439c,2026-05-12T17:41:12+00:00,1,1,9.193333333333333
grafana__b71de9305549,grafana,validation,937563f9cd4a85091b1e2795ba5c8a2377cebc40,2026-05-16T07:27:25+00:00,1,1,0.0
grafana__c1dcf4965a3a,grafana,validation,2aee1d22d145115ba8ea4ed50db4a0f03de5e2dd,2026-05-15T09:31:33+00:00,1,0,0.0
grafana__c1dcf4965a3a,grafana,validation,79b1d04726caf0824160ade861ac4ebae76175cf,2026-05-15T10:01:26+00:00,1,1,0.49805555555555553
grafana__c1dcf4965a3a,grafana,validation,6c141137aa9fbe9c3e6ba22dd966e8f47002eaf9,2026-05-15T10:17:28+00:00,1,1,0.7652777777777777
grafana__c1dcf4965a3a,grafana,validation,b47cd65351b71e887e82b36dbb6af0a584f6d6b7,2026-05-15T12:57:42+00:00,1,1,3.4358333333333335
grafana__c1dcf4965a3a,grafana,validation,9bec6df9a13a64ede9c628abe25344900d998cd2,2026-05-15T13:34:52+00:00,1,0,4.0552777777777775
grafana__c1dcf4965a3a,grafana,validation,75f732a35937944a45659eebc49c54c73e3b38d8,2026-05-15T13:52:56+00:00,0,1,4.356388888888889
grafana__c1dcf4965a3a,grafana,validation,eda920b8f54cb58253faea964405db30e8be5f3b,2026-05-15T14:04:34+00:00,1,0,4.550277777777778
grafana__c1dcf4965a3a,grafana,validation,5cfae62226db7fc4ff1d054f3343539445a4ba6c,2026-05-15T14:11:22+00:00,1,1,4.663611111111111
grafana__c1dcf4965a3a,grafana,validation,313ef7952b880e271ddb8c90b23d02d0cd31f358,2026-05-15T16:21:37+00:00,1,1,6.834444444444444
grafana__c1dcf4965a3a,grafana,validation,26291ea7e3344928063b65ad0a5c8f050a023715,2026-05-15T16:26:58+00:00,1,1,6.923611111111111
grafana__c1dcf4965a3a,grafana,validation,95461634b304e3b75c58e304e2bf92196c8ad460,2026-05-15T16:34:45+00:00,1,1,7.053333333333334
grafana__c1dcf4965a3a,grafana,validation,9a6a35f92929554dea30f3ec04d29e1d0e7397c8,2026-05-15T16:39:18+00:00,1,1,7.129166666666666
grafana__c1dcf4965a3a,grafana,validation,7f998ed690679b3efa11aafdd980e6b3dd3c3619,2026-05-15T17:23:45+00:00,0,1,7.87
grafana__c1dcf4965a3a,grafana,validation,c61ac71f1e87db7fc726e15618f78e10378bdda0,2026-05-15T18:02:16+00:00,0,1,8.511944444444444
grafana__c1dcf4965a3a,grafana,validation,aecfb299c7c8cd58a2e34e86eba44fce5f5f1e1f,2026-05-15T20:15:19+00:00,1,1,10.729444444444445
grafana__d6ec6f0e13dc,grafana,validation,937563f9cd4a85091b1e2795ba5c8a2377cebc40,2026-05-16T07:27:25+00:00,1,1,0.0
grafana__d6ec6f0e13dc,grafana,validation,7709dc39cf8ee2de85c38b8943b208adf8a3c47c,2026-05-16T08:56:58+00:00,1,1,1.4925
hoppscotch__09f823420734,hoppscotch,train,904a1b040514131f3d8cc4178b6e7ca7a3f00cd8,2025-11-24T08:51:29+00:00,1,1,0.0
hoppscotch__2cf35f0a1630,hoppscotch,train,e63bfe372334ad451171e7cb358b5c04e927c7c7,2025-11-25T05:56:57+00:00,1,1,0.0
hoppscotch__5cc4a3518376,hoppscotch,validation,992579e285fddef3c0bf7f32eccb182ea6ca707b,2026-01-20T06:46:13+00:00,1,1,0.0
hoppscotch__65da7702388b,hoppscotch,train,ab52efc075ce33fd4b006d653252383316cf88db,2025-11-27T06:59:29+00:00,1,1,0.0
hoppscotch__68948843f66b,hoppscotch,train,81fe98f25d0e67db05eaf7c5e3af6f788cf6985d,2025-09-23T09:16:23+00:00,1,1,0.0
hoppscotch__7854259a9bcd,hoppscotch,validation,1f4ae3dd88e97a2bf85b2e1d3c9146560e91d41f,2026-03-02T18:05:19+00:00,1,1,0.0
hoppscotch__79c3d3442f37,hoppscotch,train,a7440d58cda5b9406d5cba73d6213ab426a66d91,2025-08-27T08:03:27+00:00,1,1,0.0
hoppscotch__8c22bb36311e,hoppscotch,validation,57be05cdcb926313f26eaaf0feea9c4dde2c5354,2026-02-24T18:02:43+00:00,1,1,0.0
hoppscotch__9aaad5f47dcc,hoppscotch,train,008335c715f6c7f85c384dcfd8cb78a18ea1d514,2025-12-03T17:31:06+00:00,1,1,0.0
hoppscotch__b79b6e19a4fa,hoppscotch,validation,1824990980ddc84a0fcb293a787221e906aae005,2026-01-22T18:32:48+00:00,1,1,0.0
hoppscotch__b93a774665a9,hoppscotch,train,35e01e1280990cc8ac0c588955af099432bad99a,2025-09-29T07:55:40+00:00,1,1,0.0
hoppscotch__bb87bf999811,hoppscotch,validation,a1be60da649296c9c94511499928b15f295c8a18,2026-02-23T12:41:45+00:00,1,1,0.0
hoppscotch__bb87bf999811,hoppscotch,validation,803e4633a27be10d80e752d62bd0dab09ed2924a,2026-02-23T14:41:55+00:00,1,1,2.0027777777777778
hoppscotch__c0c49974db13,hoppscotch,validation,1de672b8bdc3fd58e5baf8e2653d3eb6f478be3c,2026-02-20T08:43:14+00:00,1,1,0.0
hoppscotch__c408b3d82806,hoppscotch,train,88c7e189cf0e711d511b85cf214d4a77d7a0caa8,2025-12-02T08:07:08+00:00,1,1,0.0
hoppscotch__d5c3067e2012,hoppscotch,train,5bab04a4877945bcfbd14cbbe26f6d1ed40ff73d,2025-09-02T08:18:28+00:00,1,1,0.0
hoppscotch__fd297fc8a43c,hoppscotch,validation,d6ea86dccae7126025b5b6b822987aae46e8c03f,2026-03-02T16:20:43+00:00,1,1,0.0
medusa__2910140b97b7,medusa,validation,08c55e703573f3c11532228d2c626f7b7f16228f,2026-01-09T09:13:25+00:00,1,1,0.0
medusa__d3dfa8ae18c8,medusa,validation,87a8bb35bf38759c5a1d9dfebd1a28bb17488aaa,2026-01-19T07:18:27+00:00,1,1,0.0
medusa__d7cae19119db,medusa,validation,5f90cd0650eb11bfbd27cc326ca8c261fc588c55,2026-01-12T10:55:26+00:00,1,1,0.0
payload__0a8e5d8efaa1,payload,validation,6557292b3f944ddffb2c0ad741dd736b56a27c89,2026-02-26T13:23:42+00:00,1,1,0.0
payload__149d9b7766ac,payload,train,7e2a3abba175164e667c320c00c26a4c934ad2bc,2026-02-17T19:17:02+00:00,1,1,0.0
payload__16c941abebfd,payload,validation,e7d6331a2b8874906fd82bcf12ff8413363d7d4c,2026-03-10T13:50:34+00:00,1,1,0.0
payload__1ae32f700b80,payload,train,7e2a3abba175164e667c320c00c26a4c934ad2bc,2026-02-17T19:17:02+00:00,1,1,0.0
payload__246fb7f9213e,payload,validation,f30d34f9fcc3a7f8652f5bae7147870c49bdee8b,2026-03-11T22:38:33+00:00,1,1,0.0
payload__32c60d60b8a1,payload,train,a7beeca52316922007613fb8ec7f572f120ba157,2026-02-05T20:48:32+00:00,1,1,0.0
payload__5464acd3b813,payload,train,a7beeca52316922007613fb8ec7f572f120ba157,2026-02-05T20:48:32+00:00,1,1,0.0
payload__7270174975fe,payload,train,28e07dc57e2173f667c0fec7bb89345009d38bb4,2026-02-11T21:09:17+00:00,1,1,0.0
payload__730b19472510,payload,validation,fd64504023806b03e53facc8acfe0ac3401b80df,2026-03-10T15:04:21+00:00,1,1,0.0
payload__8b022d0e8774,payload,train,a7beeca52316922007613fb8ec7f572f120ba157,2026-02-05T20:48:32+00:00,1,1,0.0
payload__8c75eded8723,payload,validation,76396640309cec215b2a66faaa566e71244bd9e5,2026-02-27T19:15:12+00:00,1,1,0.0
payload__8fd82f4370fc,payload,train,2347cd9e9dc57b3b52bbc5e62b3aa7ff9e0b5167,2026-02-19T14:47:41+00:00,1,0,0.0
payload__8fd82f4370fc,payload,train,a66e844a07e77d0a1fcded7451095797c7f842ac,2026-02-19T15:50:59+00:00,1,1,1.055
payload__97af7716730a,payload,validation,6557292b3f944ddffb2c0ad741dd736b56a27c89,2026-02-26T13:23:42+00:00,1,1,0.0
payload__fa7ec34970db,payload,validation,6a9e36734119b6c8bc9633f9e212e0a29faa07df,2026-03-11T11:39:00+00:00,1,1,0.0
payload__fb621c1ff7b8,payload,train,38b8c682a423729aff6a133dae461b1f5657a6b4,2026-02-20T21:20:54+00:00,1,1,0.0
rallly__761691a1bfb3,rallly,train,f3754e762b64e350644d90a587e883e1f24c2716,2026-03-27T13:11:46+00:00,1,1,0.0
rallly__76aae411d20d,rallly,train,38dbfbaebb204a4f6a461813b2debaced9481366,2026-04-07T10:05:05+00:00,1,0,0.0
rallly__76aae411d20d,rallly,train,3eb22cf0116f53bc473cf6c5dbeb411b94d18428,2026-04-07T12:51:42+00:00,1,1,2.7769444444444447
rallly__98899fd68897,rallly,validation,7d5f55ac26e3a4afe66dd76ca9dcafc773001877,2026-05-09T17:18:19+00:00,1,1,0.0
rallly__98d32576e7be,rallly,train,07fdd28fb863937a329cb6e611277cd8ab65ceda,2026-03-09T15:27:00+00:00,1,1,0.0
rallly__e56f73c51671,rallly,train,c85f1a73b34c9c8206106f825a9064ea8cb5decb,2026-03-08T13:40:19+00:00,1,1,0.0
rallly__f1c87a008978,rallly,validation,2042ec8089579943b04bbb372eeeaf1c139aba79,2026-05-07T16:06:38+00:00,1,1,0.0
rallly__fa52875fd201,rallly,train,c85f1a73b34c9c8206106f825a9064ea8cb5decb,2026-03-08T13:40:19+00:00,1,1,0.0
requestly__b8ba3c46037c,requestly,validation,c138acac718d6336cf5aa89882862d511f37c25b,2026-04-26T09:59:55+00:00,1,1,0.0
saleor__03aeca7dc809,saleor,train,d097e370223d4088257994268409f4f863f8a09f,2026-01-30T10:38:48+00:00,1,1,0.0
saleor__052836836fbc,saleor,train,9a824cb969e2c5fc1241719993ff8254d5228a52,2026-02-23T21:01:21+00:00,1,1,0.0
saleor__0756cd8dad07,saleor,validation,d0f499c017ab4feb65964681de5b6c94d25bc96f,2026-05-12T10:16:04+00:00,1,1,0.0
saleor__0756cd8dad07,saleor,validation,d4808cc130c7a5d132e23a04c656fae222a38129,2026-05-12T12:21:07+00:00,1,1,2.0841666666666665
saleor__09b926b7dd99,saleor,validation,b652a58b497b401d57dbd74f781ecc382cf81fcd,2026-04-13T12:19:37+00:00,1,1,0.0
saleor__0a967e363af4,saleor,validation,3bfd607d39edcd957ed5af68a528faf02d6dbe88,2026-03-23T09:52:59+00:00,1,1,0.0
saleor__0bb46cda954c,saleor,validation,d0cb8ef8afa25da3a79138394cb195467b3c1e02,2026-04-14T13:05:50+00:00,1,1,0.0
saleor__0d40a23a919d,saleor,train,3b4e59c737c52f9ab473e80e0b2fdb4ae594057a,2026-02-24T09:53:51+00:00,1,0,0.0
saleor__0d40a23a919d,saleor,train,fca0cbf41abc46b5f05da3d607bbfecc6cd62b00,2026-02-24T10:46:15+00:00,1,1,0.8733333333333333
saleor__0f0a9c4a0cc8,saleor,validation,043f7e648a919c0ce936aa6eaea898d019be1f83,2026-03-20T06:36:32+00:00,1,1,0.0
saleor__14136326d1b4,saleor,train,d65d06657d599c7a638c5b164acd3cb32fdee68f,2026-01-28T18:13:17+00:00,1,1,0.0
saleor__1443c67d77df,saleor,validation,32d03dce6e5655f73ca79b04b282c4d71fcd0977,2026-03-12T13:23:53+00:00,1,1,0.0
saleor__1644075d81b2,saleor,validation,a963af04519a25bd8b0f53bc942622f139d6e24a,2026-04-28T07:09:05+00:00,1,1,0.0
saleor__1862b44826ea,saleor,train,9a824cb969e2c5fc1241719993ff8254d5228a52,2026-02-23T21:01:21+00:00,1,1,0.0
saleor__1974800db565,saleor,train,f25222bea7243be7428d2bda744007e88b342a85,2026-03-02T13:00:44+00:00,1,1,0.0
saleor__1aaaae9f2ee9,saleor,train,6f61b4f3afbfb2ef6ca67bd39b0a79b54e05ac15,2026-01-29T14:14:16+00:00,1,1,0.0
saleor__1aaaae9f2ee9,saleor,train,1a8279b4f104220a6e0e79bcbccd8364cfa97831,2026-01-29T15:24:10+00:00,1,1,1.165
saleor__30f873a646e4,saleor,train,9a824cb969e2c5fc1241719993ff8254d5228a52,2026-02-23T21:01:21+00:00,1,1,0.0
saleor__344b53f15eaa,saleor,validation,94e85a4817ca90d846e3de9adc859b6944dce663,2026-04-08T12:24:10+00:00,1,1,0.0
saleor__38966a07ccbd,saleor,train,9a824cb969e2c5fc1241719993ff8254d5228a52,2026-02-23T21:01:21+00:00,1,1,0.0
saleor__3b6a818048c7,saleor,train,ccc005a715c5834291630ad19c3808f30fa6593a,2026-02-16T13:05:25+00:00,1,1,0.0
saleor__3fa181ccbb01,saleor,train,4f81c86b5e244fedb3908bbce538cefbe454b498,2026-02-12T11:12:09+00:00,1,1,0.0
saleor__41f8cefdf931,saleor,validation,043f7e648a919c0ce936aa6eaea898d019be1f83,2026-03-20T06:36:32+00:00,1,1,0.0
saleor__47f89d573219,saleor,validation,46384c3e2cc562a5132f3c841d4f958a34712a1e,2026-04-17T12:12:30+00:00,1,1,0.0
saleor__4bb7ec3ba959,saleor,validation,764b4f9f11ba2d87d82b6c35a97e9ebfc8bf68ce,2026-05-08T06:45:13+00:00,1,1,0.0
saleor__4f7f7c98c454,saleor,validation,029f589c0d10e3afd5e4879b862019e2868e3bad,2026-05-04T11:18:45+00:00,1,1,0.0
saleor__4fd4cafcb76e,saleor,train,5e22bb2384ea8909babdd64074b84e295778ee26,2026-03-02T11:47:42+00:00,1,1,0.0
saleor__5089ee09bfc4,saleor,validation,142b8cfaa13d621b87849714289e548b9e666599,2026-03-11T13:47:53+00:00,1,1,0.0
saleor__528981c53ef2,saleor,train,cf1c8aa1b5db738b22415764b472bf448d1bb978,2026-02-09T12:51:43+00:00,1,1,0.0
saleor__5d167e6cfb7d,saleor,validation,dced6da33662c850f60f8664d588793dabc1d9c5,2026-03-11T09:59:05+00:00,1,1,0.0
saleor__5da406cc86f0,saleor,train,cf1c8aa1b5db738b22415764b472bf448d1bb978,2026-02-09T12:51:43+00:00,1,1,0.0
saleor__74ddcc2cd861,saleor,train,23d946c24465d85c254aaf863e692e9d296e281d,2026-02-17T11:16:51+00:00,1,1,0.0
saleor__74ddcc2cd861,saleor,train,42383986648ce40c1d113a41aa191b6d62797a43,2026-02-17T15:27:28+00:00,1,1,4.176944444444445
saleor__7d6c231fbcee,saleor,validation,01c6fca3a6c87824a65e45bb4ebb75bcc347a4ca,2026-04-16T06:51:37+00:00,1,1,0.0
saleor__85b021c89701,saleor,validation,9a3980241e78ad410a72d8d84770473acf0940d0,2026-03-16T05:54:32+00:00,1,0,0.0
saleor__85b021c89701,saleor,validation,23a4ee721f51d11b0a886a6530d5b08abb92e08d,2026-03-16T14:26:48+00:00,1,1,8.537777777777778
saleor__898f59365f5c,saleor,train,1739498df428d728395436230df197b88ad4ade3,2026-02-12T10:42:01+00:00,1,1,0.0
saleor__898f59365f5c,saleor,train,4f81c86b5e244fedb3908bbce538cefbe454b498,2026-02-12T11:12:09+00:00,1,1,0.5022222222222222
saleor__898f59365f5c,saleor,train,a0011cc9bc7f23deca89df61eeaaffd358e495ab,2026-02-12T14:31:45+00:00,1,1,3.828888888888889
saleor__9ead5c85b9f7,saleor,validation,d0f499c017ab4feb65964681de5b6c94d25bc96f,2026-05-12T10:16:04+00:00,1,1,0.0
saleor__a11d1fc587f5,saleor,validation,c305dd4b93494312b2c60cfc26091ffda22a2153,2026-05-07T09:42:42+00:00,1,1,0.0
saleor__a8d230e6f347,saleor,train,80b93f6d79fd7f54d46b0609d6bd927ce4e4a20d,2026-02-23T13:08:43+00:00,1,0,0.0
saleor__a8d230e6f347,saleor,train,9a824cb969e2c5fc1241719993ff8254d5228a52,2026-02-23T21:01:21+00:00,1,1,7.877222222222223
saleor__ae64c2e14023,saleor,validation,71222e4cff7148b0ff8439a0af23b8cd123917fc,2026-04-27T13:43:12+00:00,1,1,0.0
saleor__b40069f18b17,saleor,train,0bdad3e686c7473eae5182336b0f49a910623e0e,2026-02-03T10:28:09+00:00,1,1,0.0
saleor__b57c5df7bb3f,saleor,train,8a3c66d2ec8b5e735b68d48d171048879647b0a3,2026-02-26T10:07:44+00:00,1,1,0.0
saleor__b95e0e1c23b5,saleor,train,d097e370223d4088257994268409f4f863f8a09f,2026-01-30T10:38:48+00:00,1,1,0.0
saleor__c144958dce49,saleor,train,3693eb47cfaaf03cce40208d6d3a6784d3c57ea3,2026-02-03T14:29:54+00:00,1,1,0.0
saleor__ceecc475a28d,saleor,train,1739498df428d728395436230df197b88ad4ade3,2026-02-12T10:42:01+00:00,1,1,0.0
saleor__d20d8e473cdb,saleor,train,f820904f754467cdb3ac3c85418ca0ea2fa03c00,2026-03-02T12:51:00+00:00,1,1,0.0
saleor__d58248463d96,saleor,train,f820904f754467cdb3ac3c85418ca0ea2fa03c00,2026-03-02T12:51:00+00:00,1,1,0.0
saleor__daad1c7fe4f3,saleor,train,61a484db5ff9891eb5e23533fd1765a649e55e7e,2026-02-04T15:08:46+00:00,1,1,0.0
saleor__de5fad7fe972,saleor,validation,043f7e648a919c0ce936aa6eaea898d019be1f83,2026-03-20T06:36:32+00:00,1,1,0.0
saleor__e42358a62dc1,saleor,validation,65922dfd77174e95d919a15e2701206072a09561,2026-03-20T10:52:15+00:00,1,1,0.0
saleor__e43020a8d21f,saleor,train,3693eb47cfaaf03cce40208d6d3a6784d3c57ea3,2026-02-03T14:29:54+00:00,1,1,0.0
saleor__ebf66c6a071d,saleor,validation,659142bd5fe708e6e7edd883c347320f5b510446,2026-03-11T14:04:24+00:00,1,1,0.0
saleor__f011a9f5119c,saleor,validation,142b8cfaa13d621b87849714289e548b9e666599,2026-03-11T13:47:53+00:00,1,1,0.0
saleor__f43b2841a210,saleor,validation,142b8cfaa13d621b87849714289e548b9e666599,2026-03-11T13:47:53+00:00,1,1,0.0
saleor__f7d1a7aca5d7,saleor,validation,dced6da33662c850f60f8664d588793dabc1d9c5,2026-03-11T09:59:05+00:00,1,0,0.0
saleor__f7d1a7aca5d7,saleor,validation,142b8cfaa13d621b87849714289e548b9e666599,2026-03-11T13:47:53+00:00,1,1,3.8133333333333335
strapi__0b6cbcd409cb,strapi,train,a4a53fd30626959d9711b5967e3c51e0b3b5b1c0,2026-02-09T15:51:58+00:00,1,1,0.0
strapi__161eac9943dc,strapi,train,e7a517ce6933fa4adb15447ed23bd52636b191c2,2026-02-03T10:57:53+00:00,1,1,0.0
strapi__5e4ede06fb2d,strapi,validation,ff8912a54f45f4acbab2346edef23bde73569520,2026-03-09T14:13:38+00:00,1,1,0.0
strapi__73569f4520d2,strapi,train,1153e05e6e54eead0bff0656c85335cef8e9ccf0,2026-01-22T15:49:27+00:00,1,1,0.0
strapi__74569616d6fc,strapi,train,1153e05e6e54eead0bff0656c85335cef8e9ccf0,2026-01-22T15:49:27+00:00,1,1,0.0
strapi__7850ae1d9078,strapi,train,e343fe10e7e67b17ac74aadc551162cd09fe7ef6,2026-01-16T11:14:45+00:00,1,0,0.0
strapi__7850ae1d9078,strapi,train,d92ed9d44b701c9da46b2c6ddc12f451dfee026e,2026-01-16T12:53:35+00:00,1,1,1.6472222222222221
strapi__7850ae1d9078,strapi,train,16b248bed9b4ba03926bf4c3d62ea2957898003f,2026-01-16T14:54:02+00:00,1,1,3.6547222222222224
strapi__7a376c5187b8,strapi,train,1153e05e6e54eead0bff0656c85335cef8e9ccf0,2026-01-22T15:49:27+00:00,1,1,0.0
strapi__88ec45fea990,strapi,validation,919000fb3c8bfefa273b6b0646fe0808ab4bcc2f,2026-03-02T13:36:48+00:00,1,1,0.0
strapi__8ac03f90ad91,strapi,train,7b8864b7d7d4c3b35f74dbae192941b0ed78c4dc,2026-02-11T09:49:07+00:00,1,1,0.0
strapi__9c4d6409b2d8,strapi,train,1153e05e6e54eead0bff0656c85335cef8e9ccf0,2026-01-22T15:49:27+00:00,1,1,0.0
strapi__a9e68a17b9ab,strapi,validation,c4cea991ddde67bbf15243b98cd0f2d8fe834836,2026-02-25T13:16:56+00:00,1,1,0.0
strapi__b6c1376f714e,strapi,validation,c4cea991ddde67bbf15243b98cd0f2d8fe834836,2026-02-25T13:16:56+00:00,1,1,0.0
strapi__b929317beae3,strapi,train,1153e05e6e54eead0bff0656c85335cef8e9ccf0,2026-01-22T15:49:27+00:00,1,1,0.0
strapi__c901080c4b02,strapi,validation,79a590a581fd8272fafe5644b39c108a3a192b67,2026-02-24T12:51:33+00:00,1,1,0.0
strapi__cab26117683f,strapi,validation,79a590a581fd8272fafe5644b39c108a3a192b67,2026-02-24T12:51:33+00:00,1,1,0.0
strapi__e384740693e0,strapi,train,495fae42f997c4701a4a1807de6cfbd316395233,2026-01-12T09:10:33+00:00,1,1,0.0
strapi__e4d6d1fa99d2,strapi,train,1153e05e6e54eead0bff0656c85335cef8e9ccf0,2026-01-22T15:49:27+00:00,1,1,0.0
strapi__fac079537c4b,strapi,validation,bf2b1cb6bfdf14eaca85eb11dd06f5a97a8a3c9d,2026-03-10T08:52:31+00:00,1,1,0.0
supabase__42451f2250ea,supabase,validation,d27bb74258e4fae65dd089d9f5473c22e3ab3bd9,2026-01-22T17:46:54+00:00,1,1,0.0
supabase__5494f1c356ac,supabase,validation,d34cc65e30a1f5eb870417eb03fdcbb069e3c617,2026-01-22T16:17:49+00:00,1,1,0.0
typebot__03c173da80c1,typebot,train,7c34cba05f5fab9281c05a95cf203f7400bf8b60,2026-04-02T17:32:51+00:00,1,1,0.0
typebot__0f8f568e88ef,typebot,train,7b3f6c9c990e1c0766c2631d4abef765b76110cc,2026-03-23T15:02:41+00:00,1,1,0.0
typebot__21e09472b69e,typebot,train,c7dd1e99a7bb1579d6ad78c60480918cf2b84ce7,2026-03-24T19:04:12+00:00,1,1,0.0
typebot__23416779fad3,typebot,train,8dfa2ab2bee4a359d53215763ede6e500ff8495a,2026-03-06T16:34:44+00:00,1,1,0.0
typebot__2e69608a3666,typebot,train,151fc6dd2fe044963650475a7b64f5f28da61af4,2026-02-27T19:04:36+00:00,1,1,0.0
typebot__35a585820ef8,typebot,train,ce6b0fc423b22621727f0342ce0138ec2df6191c,2026-03-18T14:25:38+00:00,1,1,0.0
typebot__36ad04161231,typebot,train,8683846fb055b2d400e2e8609e2904c75f219afe,2026-03-02T18:31:35+00:00,1,0,0.0
typebot__36ad04161231,typebot,train,347667a8d9e02fceeb3b34bc0fd8f319048d409c,2026-03-02T20:43:43+00:00,1,1,2.2022222222222223
typebot__36ad04161231,typebot,train,8b4c3365bb2a4aae26b8bc9eb1473b3fb2c9f38b,2026-03-02T21:58:44+00:00,1,1,3.4525
typebot__50cdf2db8e54,typebot,train,1ceb326a2a7285b7dc3014488955bbb344624063,2026-03-20T14:21:31+00:00,1,1,0.0
typebot__5f2a6e18715f,typebot,train,f85f48b4ecb427108634b05dafb507ad904ff749,2026-03-20T15:28:31+00:00,1,1,0.0
typebot__89af2196a05b,typebot,train,5275b0cf9d857998e5ca7df95517d64f0e36748e,2026-02-25T15:23:25+00:00,1,1,0.0
typebot__8caf6e33425a,typebot,train,42251efcd35e7ba7313258c9b326eb9a4d91441a,2026-03-19T14:47:29+00:00,1,1,0.0
typebot__b2a8fd47b3b1,typebot,train,53d36e38f5513dc388f6db8e08c3d6145e4d345c,2026-02-26T18:16:26+00:00,1,1,0.0
typebot__bef0549a690c,typebot,train,70cc4635e5de6ecc608d91c9e59428a2b6f1d68f,2026-03-10T15:43:12+00:00,1,1,0.0
typebot__bef0549a690c,typebot,train,2a51dadf29c9ee6be73ce6b496b549ede52ccbd8,2026-03-10T15:51:14+00:00,1,0,0.1338888888888889
typebot__bef0549a690c,typebot,train,03963bc87c2495614425d97b0adab819d09e0afd,2026-03-10T16:04:02+00:00,1,1,0.3472222222222222
typebot__cbf0b26ca9ca,typebot,train,adb859444dc0073476c847bcccaef2fc6df39454,2026-03-17T03:03:48+00:00,1,1,0.0
typebot__ce2fa5b5c3df,typebot,train,289d5556749b258c883eee5f0d7eb399ae29dbfc,2026-03-05T14:21:50+00:00,1,1,0.0
typebot__e63fed753ac5,typebot,train,8ffb54d584753dca3ecd95405bc77ecac44424a5,2026-03-04T16:28:45+00:00,1,1,0.0
typebot__e63fed753ac5,typebot,train,a3f2667b5226d71f847f3be2ba15ad924ef467ca,2026-03-04T22:31:13+00:00,1,1,6.041111111111111
typebot__f6e8bab38904,typebot,train,7683d5d3bcc41be5fb4f21fd3368d2221a998e4e,2026-03-09T21:20:26+00:00,1,1,0.0
typebot__f7aa0c0f71d0,typebot,validation,15017a72a12e721c14a968c245fad3aaf4f197b7,2026-04-21T17:02:51+00:00,1,1,0.0
vendure__1f571e06eb2e,vendure,train,b28e64eeab9a0bfb9328a52f523bd886ca8e3dd5,2026-02-09T15:34:42+00:00,1,1,0.0
vendure__7cadeff6bbb1,vendure,validation,7207123dc880fa626582b30a627c8b6353cc61b7,2026-02-25T10:46:34+00:00,1,1,0.0
vendure__8536f6be58a9,vendure,validation,12d1ef84b93a8a81023469128daa825e9efa6cd6,2026-02-17T15:45:59+00:00,1,1,0.0
vendure__8c85fd9909f6,vendure,validation,80cdd0787a6b0b70230ecb1428c4965fac0c20bc,2026-02-21T21:33:31+00:00,1,1,0.0
vendure__8de0011be91d,vendure,validation,3be14c89c31b2faf21b5a338b9da6a3ef0906a2c,2026-03-10T20:36:38+00:00,1,1,0.0
vendure__aa0d3fe78e06,vendure,train,68cde97eb40a9c6b1933d8d437dbb2cc67043bb9,2025-12-19T09:44:16+00:00,1,1,0.0
vendure__dc705b45caa2,vendure,validation,eb13562f39a770f13ca5d987af6f37ba6e07cfbd,2026-02-16T08:02:24+00:00,1,1,0.0
vendure__e3880fdb3764,vendure,train,f2d035908630e126ac49d1c034984e5c186252d9,2026-01-13T16:05:12+00:00,1,1,0.0
vendure__edfab755a24f,vendure,train,44bad119bcbce87465f7eb67c143408037e75928,2026-01-26T09:49:11+00:00,1,1,0.0
