repo,release_episodes,positive_episodes,positive_episode_share,released_first_timestamp_utc,released_last_timestamp_utc,released_span_days,distinct_production_commits,production_commits_in_positive_episodes,production_commit_positive_membership_share,AR_episodes,TA_episodes,FA_episodes,IA_episodes,joint_maintenance_episodes,multi_commit_episodes,multi_test_file_episodes,multi_commit_median_span_hours,multi_commit_first_roles_share_commit,multi_commit_first_test_after_first_prod,multi_commit_production_continues_after_first_test
activepieces,1815,0,0.0,2026-02-24T15:59:43+00:00,2026-03-12T10:29:40+00:00,15.770798611111111,132,0,0.0,0,0,0,0,0,0,0,,0,0,0
affine,1078,39,0.036178107606679034,2026-03-02T05:57:55+00:00,2026-05-20T14:20:12+00:00,79.34880787037036,126,27,0.21428571428571427,5,37,7,3,9,6,8,2.1590277777777778,4,2,5
cal.com,645,24,0.037209302325581395,2025-08-05T00:21:23+00:00,2025-08-25T18:42:30+00:00,20.764664351851852,152,36,0.23684210526315788,4,18,10,9,10,7,9,4.376111111111111,1,6,5
chatwoot,615,29,0.04715447154471545,2026-01-09T02:37:42+00:00,2026-03-11T09:01:53+00:00,61.266793981481484,74,24,0.32432432432432434,10,19,9,6,6,2,7,0.7770833333333333,2,0,2
directus,897,0,0.0,2025-12-19T15:42:59+00:00,2026-03-11T18:56:12+00:00,82.13417824074074,105,0,0.0,0,0,0,0,0,0,0,,0,0,0
documenso,604,10,0.016556291390728478,2025-12-08T08:17:23+00:00,2026-03-12T07:15:21+00:00,93.9569212962963,134,16,0.11940298507462686,2,8,1,1,2,4,5,1.3423611111111111,1,3,1
formbricks,1179,38,0.032230703986429174,2025-10-27T08:03:39+00:00,2026-01-22T09:41:54+00:00,87.06822916666667,154,34,0.22077922077922077,10,22,15,7,9,5,15,3.128888888888889,4,1,2
formkit,121,0,0.0,2023-02-07T18:40:55+00:00,2025-12-17T17:07:49+00:00,1043.9353472222222,59,0,0.0,0,0,0,0,0,0,0,,0,0,0
grafana,80,8,0.1,2026-05-12T08:29:36+00:00,2026-05-16T08:56:58+00:00,4.01900462962963,70,53,0.7571428571428571,5,8,5,1,5,5,6,10.729444444444445,3,2,5
hoppscotch,929,16,0.017222820236813777,2025-08-05T08:09:43+00:00,2026-03-04T13:39:52+00:00,211.22927083333335,144,17,0.11805555555555555,6,11,9,5,6,1,8,2.0027777777777778,1,0,1
joplin,262,0,0.0,2026-02-17T08:37:13+00:00,2026-03-12T01:18:56+00:00,22.695636574074076,95,0,0.0,0,0,0,0,0,0,0,,0,0,0
medusa,1193,3,0.002514668901927913,2025-12-11T13:13:08+00:00,2026-01-22T14:33:07+00:00,42.055543981481485,148,3,0.02027027027027027,0,3,0,0,0,0,1,,0,0,0
payload,747,15,0.020080321285140562,2026-01-29T22:37:15+00:00,2026-03-12T16:31:36+00:00,41.74607638888889,128,12,0.09375,2,15,0,0,2,1,0,1.055,0,1,0
rallly,417,7,0.016786570743405275,2026-03-06T21:21:26+00:00,2026-05-17T11:21:39+00:00,71.58348379629629,150,7,0.04666666666666667,3,4,3,1,2,1,0,2.7769444444444447,0,1,0
requestly,1151,1,0.0008688097306689834,2025-12-15T05:32:53+00:00,2026-05-15T09:59:26+00:00,151.18510416666666,183,1,0.00546448087431694,0,0,1,0,0,0,0,,0,0,0
rocketchat,1152,0,0.0,2026-04-14T15:34:34+00:00,2026-05-26T22:41:35+00:00,42.296539351851855,122,0,0.0,0,0,0,0,0,0,0,,0,0,0
saleor,1046,51,0.04875717017208413,2026-01-28T18:13:17+00:00,2026-05-14T13:55:47+00:00,105.82118055555556,120,43,0.35833333333333334,12,37,21,7,19,8,14,3.821111111111111,4,4,4
storybook,187,0,0.0,2024-11-19T15:00:07+00:00,2026-02-23T15:14:35+00:00,461.0100462962963,187,0,0.0,0,0,0,0,0,0,0,,0,0,0
strapi,565,18,0.03185840707964602,2025-10-22T14:04:40+00:00,2026-03-12T13:43:58+00:00,140.985625,129,13,0.10077519379844961,2,16,2,0,2,1,3,3.6547222222222224,0,1,1
supabase,359,2,0.005571030640668524,2026-01-08T10:25:27+00:00,2026-01-23T18:25:41+00:00,15.33349537037037,112,2,0.017857142857142856,1,2,0,0,1,0,0,,0,0,0
typebot,951,18,0.01892744479495268,2026-02-20T21:01:25+00:00,2026-05-15T19:38:51+00:00,83.94266203703704,151,23,0.152317880794702,4,9,0,7,3,3,8,3.4525,2,1,3
umami,549,0,0.0,2020-08-13T08:41:11+00:00,2026-02-17T00:20:04+00:00,2013.6520023148148,106,0,0.0,0,0,0,0,0,0,0,,0,0,0
vendure,365,9,0.024657534246575342,2025-12-10T12:25:28+00:00,2026-03-10T21:20:53+00:00,90.37181712962963,115,9,0.0782608695652174,0,8,0,1,0,0,1,,0,0,0
