paper_object,artifact_input,status
benchmark_release,data/benchmark_release,release_ready
k75_evaluation_cohort,data/k75_evaluation_cohort,release_ready
benchmark_characterization,results/benchmark_characterization,release_ready
locator_results,results/locator,release_ready
rq1_results,results/rq1,release_ready
characterization_condition_plot,analysis/figures/plot_characterization.py,release_ready
locator_recall_plot,analysis/figures/plot_locator.py,release_ready
rq2_results,results/rq2,curated_derived_records
rq3_results,results/rq3,curated_complete_components
rq3_identification,results/rq3/identification_metrics.json,complete
rq3_static_application,results/rq3/static_metrics.json,complete
rq3_continuous_history_access,results/rq3/continuous_history_access.json,complete
rq3_dynamic_metrics,results/rq3/generation_metrics.json,complete
rq3_resource_use,results/rq3/cost_metrics.json,complete
rq3_online_history_coverage,results/rq3/online_history_coverage.json,complete
rq3_product_diagnostics_case,results/rq3/product_diagnostics_case.json,complete
replication_documentation_index,docs/README.md,curated_local_documentation
maintenance_annotation_protocol,docs/annotation_and_trajectory_protocol.md,curated_local_documentation
maintenance_attribution_groups,results/benchmark_characterization/attribution_summary.json,curated_local_documentation
condition_sensitivity_protocol,docs/target_conditions_and_sensitivity.md,curated_local_documentation
condition_sensitivity_results,results/benchmark_characterization/condition_sensitivity.json,curated_local_documentation
locator_protocol_and_cost,docs/locator_protocol_and_cost.md,curated_local_documentation
rq3_memory_protocol,docs/history_and_memory_protocol.md,curated_local_documentation
rq3_shared_positive_generation,results/rq3/shared_positive_generation.json,curated_local_documentation
rq3_paired_inspection_and_additional_execution,results/rq3/trace_comparison_summary.json,curated_local_documentation
rq3_evaluation_production_dependencies,results/rq3/evaluation_environment.json,curated_local_documentation
characterization_history_figure,results/benchmark_characterization/maintenance_history,reported
paper_table_fields,analysis/paper_table_mapping.csv,curated_local_documentation
