episode_id,repo,requirement_id,pattern,attributed_to_change,row_uncertain
affine__03478f01929c,affine,R1,TA,yes,false
affine__03478f01929c,affine,R2,TA,yes,false
affine__03478f01929c,affine,R3,TA,yes,false
affine__221fc550d73a,affine,R1,TA,yes,false
affine__221fc550d73a,affine,R2,TA,yes,false
affine__221fc550d73a,affine,R3,TA,yes,false
affine__221fc550d73a,affine,R4,TA,yes,false
affine__41d0a248f683,affine,R1,TA,yes,false
affine__41d0a248f683,affine,R2,TA,yes,false
affine__41d0a248f683,affine,R3,TA,yes,false
affine__41d0a248f683,affine,R4,TA,yes,false
affine__41d0a248f683,affine,R5,TA,yes,false
affine__41d0a248f683,affine,R6,TA,yes,false
affine__41d0a248f683,affine,R7,TA,yes,false
affine__41d0a248f683,affine,R8,TA,yes,false
affine__452d90d731e9,affine,R1,FA,yes,false
affine__452d90d731e9,affine,R2,IA,yes,false
affine__452d90d731e9,affine,R3,TA,yes,false
affine__497683630265,affine,R1,TA,yes,false
affine__497683630265,affine,R2,TA,yes,false
affine__497683630265,affine,R3,TA,yes,false
affine__4e115eb1f696,affine,R1,TA,yes,false
affine__4e115eb1f696,affine,R2,TA,yes,false
affine__4e115eb1f696,affine,R3,TA,yes,false
affine__4e115eb1f696,affine,R4,TA,yes,false
affine__4e115eb1f696,affine,R5,TA,yes,false
affine__4e115eb1f696,affine,R6,TA,yes,false
affine__4e115eb1f696,affine,R7,TA,yes,false
affine__4e115eb1f696,affine,R8,TA,yes,false
affine__4e115eb1f696,affine,R9,TA,yes,false
affine__53ed9e9d72bb,affine,R1,FA,yes,false
affine__62d1add58b7d,affine,R1,FA,yes,false
affine__62d1add58b7d,affine,R2,TA,yes,false
affine__62d1add58b7d,affine,R3,TA,yes,false
affine__62d1add58b7d,affine,R4,TA,yes,false
affine__62d1add58b7d,affine,R5,TA,yes,false
affine__62d1add58b7d,affine,R6,TA,yes,false
affine__62d1add58b7d,affine,R7,TA,yes,false
affine__630af62ab70d,affine,R1,TA,yes,false
affine__630af62ab70d,affine,R2,TA,yes,false
affine__630af62ab70d,affine,R3,AR,yes,false
affine__630af62ab70d,affine,R4,TA,yes,false
affine__630af62ab70d,affine,R5,TA,yes,false
affine__630af62ab70d,affine,R6,TA,yes,false
affine__6b20ee8b5202,affine,R1,TA,yes,false
affine__6ec160daa0a8,affine,R1,TA,yes,false
affine__6ec160daa0a8,affine,R2,TA,yes,false
affine__6ec160daa0a8,affine,R3,TA,yes,false
affine__6ec160daa0a8,affine,R4,TA,yes,false
affine__6ec160daa0a8,affine,R5,TA,yes,false
affine__6ec160daa0a8,affine,R6,TA,yes,false
affine__6f9add261971,affine,R1,TA,yes,false
affine__6f9add261971,affine,R2,TA,yes,false
affine__6f9add261971,affine,R3,TA,yes,false
affine__6f9add261971,affine,R4,TA,yes,false
affine__6f9add261971,affine,R5,TA,yes,false
affine__6f9add261971,affine,R6,TA,yes,false
affine__6f9add261971,affine,R7,TA,yes,false
affine__6f9add261971,affine,R8,TA,yes,false
affine__6f9add261971,affine,R9,TA,yes,false
affine__78022b0dbbdc,affine,R1,OTHER,yes,false
affine__78022b0dbbdc,affine,R2,TA,yes,false
affine__78022b0dbbdc,affine,R3,TA,yes,false
affine__78022b0dbbdc,affine,R4,OTHER,yes,false
affine__78022b0dbbdc,affine,R5,OTHER,yes,false
affine__78022b0dbbdc,affine,R6,IA,yes,false
affine__78022b0dbbdc,affine,R7,TA,yes,false
affine__78022b0dbbdc,affine,R8,TA,yes,false
affine__78022b0dbbdc,affine,R9,TA,yes,false
affine__78022b0dbbdc,affine,R10,TA,yes,false
affine__7b8ec4dc34fc,affine,R1,TA,yes,false
affine__7b8ec4dc34fc,affine,R2,TA,yes,false
affine__85e2c5eb86b2,affine,R1,TA,yes,false
affine__8f77b828a349,affine,R1,TA,yes,false
affine__8f77b828a349,affine,R2,TA,yes,false
affine__8f77b828a349,affine,R3,TA,yes,false
affine__91625e588410,affine,R1,TA,yes,false
affine__91625e588410,affine,R2,TA,yes,false
affine__91625e588410,affine,R3,TA,yes,false
affine__91625e588410,affine,R4,TA,yes,false
affine__91625e588410,affine,R5,TA,yes,false
affine__91625e588410,affine,R6,TA,yes,false
affine__91625e588410,affine,R7,TA,yes,false
affine__91625e588410,affine,R8,TA,yes,false
affine__9f5e8add110b,affine,R1,TA,yes,false
affine__9f5e8add110b,affine,R2,TA,yes,false
affine__9f5e8add110b,affine,R3,TA,yes,false
affine__9f5e8add110b,affine,R4,TA,yes,false
affine__9f5e8add110b,affine,R5,TA,yes,false
affine__9f5e8add110b,affine,R6,TA,yes,false
affine__9f5e8add110b,affine,R7,TA,yes,false
affine__9f5e8add110b,affine,R8,TA,yes,false
affine__9f5e8add110b,affine,R9,TA,yes,false
affine__9f5e8add110b,affine,R10,TA,yes,false
affine__aa72a26cb6e8,affine,R1,AR,yes,false
affine__aa72a26cb6e8,affine,R2,TA,yes,false
affine__aa72a26cb6e8,affine,R3,TA,yes,false
affine__aa72a26cb6e8,affine,R4,TA,yes,false
affine__ac7e10604287,affine,R1,TA,yes,false
affine__ac8c136d445d,affine,R1,TA,yes,false
affine__ac8c136d445d,affine,R2,TA,yes,false
affine__ade0de7bf746,affine,R1,TA,yes,false
affine__ade0de7bf746,affine,R2,TA,yes,false
affine__ade0de7bf746,affine,R3,TA,yes,false
affine__ade0de7bf746,affine,R4,TA,yes,false
affine__ade0de7bf746,affine,R5,TA,yes,false
affine__ade0de7bf746,affine,R6,TA,yes,false
affine__ade0de7bf746,affine,R7,TA,yes,false
affine__ade0de7bf746,affine,R8,TA,yes,false
affine__ade0de7bf746,affine,R9,TA,yes,false
affine__ade0de7bf746,affine,R10,TA,yes,false
affine__ade0de7bf746,affine,R11,TA,yes,false
affine__ade0de7bf746,affine,R12,TA,yes,false
affine__ade0de7bf746,affine,R13,TA,yes,false
affine__ade0de7bf746,affine,R14,TA,yes,false
affine__ade0de7bf746,affine,R15,TA,yes,false
affine__ade0de7bf746,affine,R16,TA,yes,false
affine__ade0de7bf746,affine,R17,FA,yes,false
affine__ade0de7bf746,affine,R18,OTHER,yes,false
affine__ade0de7bf746,affine,R19,AR,yes,false
affine__adfb23fa85f2,affine,R1,TA,yes,false
affine__adfb23fa85f2,affine,R2,TA,yes,false
affine__adfb23fa85f2,affine,R3,TA,yes,false
affine__adfb23fa85f2,affine,R4,TA,yes,false
affine__b3a8bd49fd55,affine,R1,TA,yes,false
affine__b3a8bd49fd55,affine,R2,TA,yes,false
affine__b4925b4e707d,affine,R1,FA,yes,false
affine__b4925b4e707d,affine,R2,TA,yes,false
affine__b5affd428d27,affine,R1,TA,yes,false
affine__b65e4ec32965,affine,R1,TA,yes,false
affine__b65e4ec32965,affine,R2,TA,yes,false
affine__b65e4ec32965,affine,R3,TA,yes,false
affine__b6f4f9e4586e,affine,R1,TA,yes,false
affine__b6f4f9e4586e,affine,R2,TA,yes,false
affine__b6f4f9e4586e,affine,R3,TA,yes,false
affine__b6f4f9e4586e,affine,R4,TA,yes,false
affine__b6f4f9e4586e,affine,R5,TA,yes,false
affine__b6f4f9e4586e,affine,R6,TA,yes,false
affine__b6f4f9e4586e,affine,R7,TA,yes,false
affine__b6f4f9e4586e,affine,R8,TA,yes,false
affine__b6f4f9e4586e,affine,R9,TA,yes,false
affine__b6f4f9e4586e,affine,R10,TA,yes,false
affine__b6f4f9e4586e,affine,R11,TA,yes,false
affine__b82e5f511661,affine,R1,AR,yes,false
affine__b82e5f511661,affine,R2,TA,yes,false
affine__b82e5f511661,affine,R3,TA,yes,false
affine__bafeebb0c118,affine,R1,TA,yes,false
affine__bafeebb0c118,affine,R2,TA,yes,false
affine__bf9b09cd9196,affine,R1,TA,yes,false
affine__bf9b09cd9196,affine,R2,TA,yes,false
affine__bf9b09cd9196,affine,R3,TA,yes,false
affine__c2f48fe4a45f,affine,R1,FA,yes,false
affine__e5ef8885a002,affine,R1,TA,yes,false
affine__e5ef8885a002,affine,R2,TA,yes,false
affine__e5ef8885a002,affine,R3,TA,yes,false
affine__e5ef8885a002,affine,R4,TA,yes,false
affine__e5ef8885a002,affine,R5,TA,yes,false
affine__e5ef8885a002,affine,R6,TA,yes,false
affine__e5ef8885a002,affine,R7,TA,yes,false
affine__e5ef8885a002,affine,R8,TA,yes,false
affine__e5ef8885a002,affine,R9,TA,yes,false
affine__e5ef8885a002,affine,R10,TA,yes,false
affine__e88a176761b0,affine,R1,TA,yes,false
affine__e88a176761b0,affine,R2,TA,yes,false
affine__e88a176761b0,affine,R3,TA,yes,false
affine__e88a176761b0,affine,R4,TA,yes,false
affine__e88a176761b0,affine,R5,TA,yes,false
affine__e88a176761b0,affine,R6,TA,yes,false
affine__e88a176761b0,affine,R7,TA,yes,false
affine__eb90ff75f9c8,affine,R1,TA,yes,false
affine__eb90ff75f9c8,affine,R2,TA,yes,false
affine__eb90ff75f9c8,affine,R3,TA,yes,false
affine__eb90ff75f9c8,affine,R4,TA,yes,false
affine__eb90ff75f9c8,affine,R5,TA,yes,false
affine__f09468ce3923,affine,R1,TA,yes,false
affine__f09468ce3923,affine,R2,TA,yes,false
affine__f09468ce3923,affine,R3,TA,yes,false
affine__f09468ce3923,affine,R4,TA,yes,false
affine__f09468ce3923,affine,R5,TA,yes,false
affine__f09468ce3923,affine,R6,TA,yes,false
affine__f09468ce3923,affine,R7,TA,yes,false
affine__f09468ce3923,affine,R8,TA,yes,false
affine__f09468ce3923,affine,R9,TA,yes,false
affine__f09468ce3923,affine,R10,TA,yes,false
affine__f09468ce3923,affine,R11,TA,yes,false
affine__f09468ce3923,affine,R12,TA,yes,false
affine__f09468ce3923,affine,R13,TA,yes,false
affine__f09468ce3923,affine,R14,TA,yes,false
affine__f09468ce3923,affine,R15,TA,yes,false
affine__f09468ce3923,affine,R16,TA,yes,false
affine__f09468ce3923,affine,R17,TA,yes,false
affine__f09468ce3923,affine,R18,TA,yes,false
affine__f09468ce3923,affine,R19,TA,yes,false
affine__f09468ce3923,affine,R20,TA,yes,false
affine__f09468ce3923,affine,R21,TA,yes,false
affine__f09468ce3923,affine,R22,TA,yes,false
affine__f09468ce3923,affine,R23,TA,yes,false
affine__f09468ce3923,affine,R24,TA,yes,false
affine__f09468ce3923,affine,R25,TA,yes,false
affine__f09468ce3923,affine,R26,TA,yes,false
affine__f09468ce3923,affine,R27,TA,yes,false
affine__f4fdcc6dd920,affine,R1,TA,yes,false
affine__f4fdcc6dd920,affine,R2,TA,yes,false
affine__f4fdcc6dd920,affine,R3,TA,yes,false
affine__f938f740a118,affine,R1,TA,yes,false
affine__f938f740a118,affine,R2,TA,yes,false
affine__f938f740a118,affine,R3,TA,yes,false
affine__f938f740a118,affine,R4,TA,yes,false
affine__f938f740a118,affine,R5,TA,yes,false
affine__f938f740a118,affine,R6,TA,yes,false
affine__f938f740a118,affine,R7,TA,yes,false
affine__ffec8f19d52c,affine,R1,FA,yes,false
affine__ffec8f19d52c,affine,R2,IA,yes,false
affine__ffec8f19d52c,affine,R3,AR,yes,false
affine__ffec8f19d52c,affine,R4,TA,yes,false
affine__ffec8f19d52c,affine,R5,TA,yes,false
affine__ffec8f19d52c,affine,R6,TA,yes,false
affine__ffec8f19d52c,affine,R7,TA,yes,false
affine__ffec8f19d52c,affine,R8,TA,yes,false
affine__ffec8f19d52c,affine,R9,OTHER,uncertain,true
affine__ffec8f19d52c,affine,R10,OTHER,uncertain,true
cal.com__01326c3bfff5,cal.com,R1,TA,yes,false
cal.com__01326c3bfff5,cal.com,R2,TA,yes,false
cal.com__01326c3bfff5,cal.com,R3,TA,yes,false
cal.com__01326c3bfff5,cal.com,R4,TA,yes,false
cal.com__05b6849de67e,cal.com,R1,IA,yes,false
cal.com__08b521b4eaba,cal.com,R1,TA,yes,false
cal.com__08b521b4eaba,cal.com,R2,TA,yes,false
cal.com__1ead9182745f,cal.com,R1,FA,yes,false
cal.com__1ead9182745f,cal.com,R2,TA,yes,false
cal.com__31f9ecc1eaae,cal.com,R1,FA,yes,false
cal.com__31f9ecc1eaae,cal.com,R2,FA,yes,false
cal.com__31f9ecc1eaae,cal.com,R3,OTHER,no,false
cal.com__511893d8f1a7,cal.com,R1,TA,yes,false
cal.com__511893d8f1a7,cal.com,R2,TA,yes,false
cal.com__511893d8f1a7,cal.com,R3,TA,no,false
cal.com__511893d8f1a7,cal.com,R4,TA,yes,false
cal.com__511893d8f1a7,cal.com,R5,TA,yes,false
cal.com__513653123ebd,cal.com,R1,TA,yes,false
cal.com__513653123ebd,cal.com,R2,TA,yes,false
cal.com__513653123ebd,cal.com,R3,TA,yes,false
cal.com__513653123ebd,cal.com,R4,TA,yes,false
cal.com__513653123ebd,cal.com,R5,TA,yes,false
cal.com__520642329292,cal.com,R1,FA,yes,false
cal.com__520642329292,cal.com,R2,TA,yes,false
cal.com__5b34e9640e60,cal.com,R1,TA,yes,false
cal.com__5b34e9640e60,cal.com,R2,TA,yes,false
cal.com__5e47c955bf7b,cal.com,R1,FA,yes,false
cal.com__5e47c955bf7b,cal.com,R2,TA,yes,false
cal.com__73bce329ad3d,cal.com,R1,IA,yes,false
cal.com__82aa08f2ad72,cal.com,R1,TA,yes,false
cal.com__881c9e4f1763,cal.com,R1,FA,yes,false
cal.com__881c9e4f1763,cal.com,R2,TA,yes,false
cal.com__881c9e4f1763,cal.com,R3,FA,uncertain,true
cal.com__8d296f230b73,cal.com,R1,IA,yes,false
cal.com__8d296f230b73,cal.com,R2,AR,yes,false
cal.com__8d296f230b73,cal.com,R3,FA,yes,false
cal.com__90a409c66d8e,cal.com,R1,TA,yes,false
cal.com__90a409c66d8e,cal.com,R2,TA,yes,false
cal.com__aaf4541161f9,cal.com,R1,AR,yes,false
cal.com__aaf4541161f9,cal.com,R2,TA,yes,false
cal.com__aaf4541161f9,cal.com,R3,FA,yes,false
cal.com__acc2d983f31e,cal.com,R1,IA,yes,false
cal.com__acc2d983f31e,cal.com,R2,TA,yes,false
cal.com__acc2d983f31e,cal.com,R3,TA,yes,false
cal.com__acc2d983f31e,cal.com,R4,TA,no,false
cal.com__acc2d983f31e,cal.com,R5,TA,no,false
cal.com__bf91db6d7a59,cal.com,R1,AR,yes,false
cal.com__bf91db6d7a59,cal.com,R2,IA,yes,false
cal.com__bf91db6d7a59,cal.com,R3,FA,no,false
cal.com__e28bfcc98795,cal.com,R1,FA,yes,false
cal.com__e28bfcc98795,cal.com,R2,AR,yes,false
cal.com__e28bfcc98795,cal.com,R3,TA,yes,false
cal.com__e28bfcc98795,cal.com,R4,TA,uncertain,true
cal.com__e28bfcc98795,cal.com,R5,TA,yes,false
cal.com__e28bfcc98795,cal.com,R6,IA,yes,false
cal.com__e28bfcc98795,cal.com,R7,FA,yes,false
cal.com__e28bfcc98795,cal.com,R8,FA,uncertain,true
cal.com__e28bfcc98795,cal.com,R9,TA,yes,false
cal.com__e28bfcc98795,cal.com,R10,TA,yes,false
cal.com__e28bfcc98795,cal.com,R11,TA,yes,false
cal.com__e8297e6e6cf4,cal.com,R1,TA,yes,false
cal.com__e8297e6e6cf4,cal.com,R2,FA,yes,false
cal.com__e8297e6e6cf4,cal.com,R3,IA,yes,false
cal.com__e8297e6e6cf4,cal.com,R4,FA,no,false
cal.com__e8d5475ff046,cal.com,R1,OTHER,no,false
cal.com__e8d5475ff046,cal.com,R2,FA,yes,false
cal.com__e8d5475ff046,cal.com,R3,FA,uncertain,true
cal.com__e8d5475ff046,cal.com,R4,TA,yes,false
cal.com__e8d5475ff046,cal.com,R5,TA,uncertain,true
cal.com__e8d5475ff046,cal.com,R6,TA,yes,false
cal.com__e8d5475ff046,cal.com,R7,TA,yes,false
cal.com__e8d5475ff046,cal.com,R8,TA,yes,false
cal.com__e8d5475ff046,cal.com,R9,TA,yes,false
cal.com__e8d5475ff046,cal.com,R10,TA,yes,false
cal.com__f100a0848fc6,cal.com,R1,IA,yes,false
cal.com__fb57dd2b0722,cal.com,R1,FA,no,false
cal.com__fb57dd2b0722,cal.com,R2,AR,no,false
cal.com__fb57dd2b0722,cal.com,R3,TA,yes,false
cal.com__fb57dd2b0722,cal.com,R4,TA,yes,false
cal.com__fb57dd2b0722,cal.com,R5,TA,yes,false
cal.com__fb57dd2b0722,cal.com,R6,TA,yes,false
cal.com__ff0550147c08,cal.com,R1,TA,yes,false
cal.com__ff0550147c08,cal.com,R2,IA,yes,false
chatwoot__04d6cb9371ab,chatwoot,R1,FA,yes,false
chatwoot__04d6cb9371ab,chatwoot,R2,AR,yes,false
chatwoot__04d6cb9371ab,chatwoot,R3,AR,yes,false
chatwoot__04d6cb9371ab,chatwoot,R4,IA,yes,false
chatwoot__0825692ff354,chatwoot,R1,TA,yes,false
chatwoot__085847d2ad82,chatwoot,R1,TA,yes,false
chatwoot__085847d2ad82,chatwoot,R2,TA,yes,false
chatwoot__10c0dac4da6e,chatwoot,R1,TA,yes,false
chatwoot__10c0dac4da6e,chatwoot,R2,TA,yes,false
chatwoot__10c0dac4da6e,chatwoot,R3,TA,yes,false
chatwoot__10c0dac4da6e,chatwoot,R4,TA,yes,false
chatwoot__10c0dac4da6e,chatwoot,R5,TA,yes,false
chatwoot__10c0dac4da6e,chatwoot,R6,FA,no,false
chatwoot__10c0dac4da6e,chatwoot,R7,OTHER,no,false
chatwoot__10c0dac4da6e,chatwoot,R8,TA,no,false
chatwoot__10c0dac4da6e,chatwoot,R9,AR,no,false
chatwoot__1ac34730be25,chatwoot,R1,TA,yes,false
chatwoot__1ac34730be25,chatwoot,R2,TA,yes,false
chatwoot__1ac34730be25,chatwoot,R3,TA,yes,false
chatwoot__1ac34730be25,chatwoot,R4,TA,yes,false
chatwoot__1f4f8ae24e79,chatwoot,R1,TA,yes,false
chatwoot__1f4f8ae24e79,chatwoot,R2,TA,yes,false
chatwoot__1f4f8ae24e79,chatwoot,R3,TA,yes,false
chatwoot__1f4f8ae24e79,chatwoot,R4,TA,yes,false
chatwoot__1f4f8ae24e79,chatwoot,R5,TA,yes,false
chatwoot__1f4f8ae24e79,chatwoot,R6,TA,yes,false
chatwoot__1f4f8ae24e79,chatwoot,R7,TA,yes,false
chatwoot__1f4f8ae24e79,chatwoot,R8,TA,yes,false
chatwoot__1f4f8ae24e79,chatwoot,R9,TA,yes,false
chatwoot__1f4f8ae24e79,chatwoot,R10,FA,yes,false
chatwoot__1f4f8ae24e79,chatwoot,R11,AR,yes,false
chatwoot__1f4f8ae24e79,chatwoot,R12,TA,yes,false
chatwoot__1f4f8ae24e79,chatwoot,R13,OTHER,no,false
chatwoot__254bf703d838,chatwoot,R1,AR,yes,false
chatwoot__2f5dabdb75dc,chatwoot,R1,TA,yes,false
chatwoot__2f5dabdb75dc,chatwoot,R2,TA,yes,false
chatwoot__2f5dabdb75dc,chatwoot,R3,TA,yes,false
chatwoot__312827b1e56f,chatwoot,R1,AR,yes,false
chatwoot__3247ad50a689,chatwoot,R1,AR,yes,false
chatwoot__43c550bc55be,chatwoot,R1,TA,yes,false
chatwoot__717bf5e2a805,chatwoot,R1,AR,yes,false
chatwoot__717bf5e2a805,chatwoot,R2,FA,yes,false
chatwoot__717bf5e2a805,chatwoot,R3,IA,yes,false
chatwoot__717bf5e2a805,chatwoot,R4,AR,yes,false
chatwoot__7235aa452e00,chatwoot,R1,FA,yes,false
chatwoot__7235aa452e00,chatwoot,R2,OTHER,yes,false
chatwoot__7235aa452e00,chatwoot,R3,TA,yes,false
chatwoot__7235aa452e00,chatwoot,R4,AR,yes,false
chatwoot__76e3344da1bb,chatwoot,R1,TA,yes,false
chatwoot__76e3344da1bb,chatwoot,R2,TA,yes,false
chatwoot__7ebd0f5dbc29,chatwoot,R1,OTHER,yes,false
chatwoot__7ebd0f5dbc29,chatwoot,R2,OTHER,uncertain,true
chatwoot__a7baeb2e005d,chatwoot,R1,TA,yes,false
chatwoot__a7baeb2e005d,chatwoot,R2,TA,yes,false
chatwoot__ae34e61373c4,chatwoot,R1,TA,yes,false
chatwoot__ae34e61373c4,chatwoot,R2,TA,yes,false
chatwoot__ae34e61373c4,chatwoot,R3,TA,yes,false
chatwoot__ae34e61373c4,chatwoot,R4,TA,yes,false
chatwoot__b664e6bb50f0,chatwoot,R1,TA,yes,false
chatwoot__b67a5977771d,chatwoot,R1,IA,yes,false
chatwoot__b67a5977771d,chatwoot,R2,TA,yes,false
chatwoot__d3ea046c1341,chatwoot,R1,FA,yes,false
chatwoot__d3ea046c1341,chatwoot,R2,AR,yes,false
chatwoot__d3ea046c1341,chatwoot,R3,IA,yes,false
chatwoot__d3ea046c1341,chatwoot,R4,TA,yes,false
chatwoot__d3ea046c1341,chatwoot,R5,TA,yes,false
chatwoot__d3ea046c1341,chatwoot,R6,TA,yes,false
chatwoot__d3ea046c1341,chatwoot,R7,TA,yes,false
chatwoot__d685fab6687f,chatwoot,R1,TA,yes,false
chatwoot__d685fab6687f,chatwoot,R2,TA,yes,false
chatwoot__e0d39f14270f,chatwoot,R1,OTHER,yes,false
chatwoot__e0d39f14270f,chatwoot,R2,FA,yes,false
chatwoot__e0d39f14270f,chatwoot,R3,IA,yes,false
chatwoot__e0d39f14270f,chatwoot,R4,AR,yes,false
chatwoot__ea482c18673e,chatwoot,R1,AR,yes,false
chatwoot__ea482c18673e,chatwoot,R2,TA,yes,false
chatwoot__ea482c18673e,chatwoot,R3,IA,yes,false
chatwoot__ea482c18673e,chatwoot,R4,TA,yes,false
chatwoot__ea482c18673e,chatwoot,R5,TA,yes,false
chatwoot__ea482c18673e,chatwoot,R6,TA,yes,false
chatwoot__eab3b397d1fc,chatwoot,R1,OTHER,yes,false
chatwoot__f13c4f53baae,chatwoot,R1,FA,yes,false
chatwoot__f4e41c76efda,chatwoot,R1,TA,yes,false
chatwoot__f679b7df062e,chatwoot,R1,FA,yes,false
chatwoot__f679b7df062e,chatwoot,R2,TA,yes,false
chatwoot__f679b7df062e,chatwoot,R3,OTHER,yes,false
chatwoot__f679b7df062e,chatwoot,R4,TA,yes,false
chatwoot__f679b7df062e,chatwoot,R5,TA,yes,false
chatwoot__f679b7df062e,chatwoot,R6,TA,yes,false
chatwoot__fd10754bdb7c,chatwoot,R1,FA,yes,false
chatwoot__fe756a85956c,chatwoot,R1,OTHER,yes,false
chatwoot__fe756a85956c,chatwoot,R2,TA,yes,false
chatwoot__fe756a85956c,chatwoot,R3,TA,yes,false
documenso__0131bbb36743,documenso,R1,TA,yes,false
documenso__0131bbb36743,documenso,R2,TA,yes,false
documenso__0131bbb36743,documenso,R3,TA,yes,false
documenso__0131bbb36743,documenso,R4,TA,yes,false
documenso__0131bbb36743,documenso,R5,TA,yes,false
documenso__0131bbb36743,documenso,R6,TA,uncertain,true
documenso__04535f6ee75a,documenso,R1,FA,yes,false
documenso__04535f6ee75a,documenso,R2,FA,uncertain,true
documenso__15536e43c0a6,documenso,R1,TA,yes,false
documenso__15536e43c0a6,documenso,R2,TA,yes,false
documenso__15536e43c0a6,documenso,R3,TA,no,false
documenso__15536e43c0a6,documenso,R4,OTHER,no,false
documenso__172160b44889,documenso,R1,FA,uncertain,true
documenso__172160b44889,documenso,R2,AR,yes,false
documenso__172160b44889,documenso,R3,TA,yes,false
documenso__172160b44889,documenso,R4,TA,yes,false
documenso__172160b44889,documenso,R5,TA,yes,false
documenso__172160b44889,documenso,R6,TA,yes,false
documenso__172160b44889,documenso,R7,TA,yes,false
documenso__172160b44889,documenso,R8,TA,yes,false
documenso__172160b44889,documenso,R9,TA,yes,false
documenso__172160b44889,documenso,R10,TA,yes,false
documenso__172160b44889,documenso,R11,TA,yes,false
documenso__172160b44889,documenso,R12,TA,yes,false
documenso__172160b44889,documenso,R13,TA,yes,false
documenso__4731e80d8953,documenso,R1,TA,yes,false
documenso__4731e80d8953,documenso,R2,TA,yes,false
documenso__4731e80d8953,documenso,R3,TA,yes,false
documenso__4731e80d8953,documenso,R4,TA,uncertain,true
documenso__ae19792d5720,documenso,R1,TA,yes,false
documenso__ae19792d5720,documenso,R2,TA,yes,false
documenso__ae19792d5720,documenso,R3,TA,yes,false
documenso__ae19792d5720,documenso,R4,TA,yes,false
documenso__ae19792d5720,documenso,R5,TA,yes,false
documenso__ae19792d5720,documenso,R6,TA,yes,false
documenso__ae19792d5720,documenso,R7,TA,yes,false
documenso__ae19792d5720,documenso,R8,TA,yes,false
documenso__ae19792d5720,documenso,R9,TA,yes,false
documenso__ae19792d5720,documenso,R10,TA,yes,false
documenso__ae19792d5720,documenso,R11,TA,yes,false
documenso__ae19792d5720,documenso,R12,TA,no,false
documenso__e439d4dfeaba,documenso,R1,AR,yes,false
documenso__e440153f4310,documenso,R1,IA,yes,false
documenso__e440153f4310,documenso,R2,TA,yes,false
documenso__e440153f4310,documenso,R3,TA,yes,false
documenso__e440153f4310,documenso,R4,TA,yes,false
documenso__e440153f4310,documenso,R5,TA,yes,false
documenso__e440153f4310,documenso,R6,TA,yes,false
documenso__e440153f4310,documenso,R7,TA,yes,false
documenso__e440153f4310,documenso,R8,TA,yes,false
documenso__e440153f4310,documenso,R9,TA,yes,false
documenso__e440153f4310,documenso,R10,TA,yes,false
documenso__e440153f4310,documenso,R11,TA,yes,false
documenso__e440153f4310,documenso,R12,TA,yes,false
documenso__e440153f4310,documenso,R13,TA,yes,false
documenso__e440153f4310,documenso,R14,TA,yes,false
documenso__e440153f4310,documenso,R15,TA,yes,false
documenso__e440153f4310,documenso,R16,TA,yes,false
documenso__e440153f4310,documenso,R17,TA,yes,false
documenso__e440153f4310,documenso,R18,TA,yes,false
documenso__e8d7f087e177,documenso,R1,TA,yes,false
documenso__e8d7f087e177,documenso,R2,TA,yes,false
documenso__e8d7f087e177,documenso,R3,TA,yes,false
documenso__e8d7f087e177,documenso,R4,TA,yes,false
documenso__e8d7f087e177,documenso,R5,TA,yes,false
formbricks__07dacfb3056a,formbricks,R1,OTHER,no,false
formbricks__07dacfb3056a,formbricks,R2,OTHER,no,false
formbricks__07dacfb3056a,formbricks,R3,OTHER,no,false
formbricks__07dacfb3056a,formbricks,R4,OTHER,no,false
formbricks__07dacfb3056a,formbricks,R5,OTHER,no,false
formbricks__10b403ec8f4e,formbricks,R1,TA,yes,false
formbricks__10b403ec8f4e,formbricks,R2,TA,yes,false
formbricks__10b403ec8f4e,formbricks,R3,OTHER,yes,false
formbricks__10b403ec8f4e,formbricks,R4,TA,yes,false
formbricks__124261cf1d66,formbricks,R1,TA,yes,false
formbricks__124261cf1d66,formbricks,R2,TA,yes,false
formbricks__124261cf1d66,formbricks,R3,TA,yes,false
formbricks__124261cf1d66,formbricks,R4,TA,yes,false
formbricks__124261cf1d66,formbricks,R5,TA,yes,false
formbricks__124261cf1d66,formbricks,R6,TA,yes,false
formbricks__124261cf1d66,formbricks,R7,TA,yes,false
formbricks__124261cf1d66,formbricks,R8,TA,yes,false
formbricks__124261cf1d66,formbricks,R9,TA,yes,false
formbricks__124261cf1d66,formbricks,R10,TA,yes,false
formbricks__124261cf1d66,formbricks,R11,TA,yes,false
formbricks__124261cf1d66,formbricks,R12,TA,yes,false
formbricks__124261cf1d66,formbricks,R13,TA,yes,false
formbricks__124261cf1d66,formbricks,R14,TA,yes,false
formbricks__18382d84106b,formbricks,R1,TA,yes,false
formbricks__1e9b38355970,formbricks,R1,FA,yes,false
formbricks__1e9b38355970,formbricks,R2,AR,yes,false
formbricks__425f2e740468,formbricks,R1,FA,yes,false
formbricks__55c15414daf8,formbricks,R1,AR,yes,false
formbricks__55c15414daf8,formbricks,R2,OTHER,no,false
formbricks__59b78e082bce,formbricks,R1,TA,yes,false
formbricks__5ed4d8e60c58,formbricks,R1,TA,yes,false
formbricks__5ed4d8e60c58,formbricks,R2,TA,yes,false
formbricks__5f9c12901328,formbricks,R1,TA,yes,false
formbricks__5f9c12901328,formbricks,R2,AR,yes,false
formbricks__5f9c12901328,formbricks,R3,FA,yes,false
formbricks__615272efb68f,formbricks,R1,IA,yes,false
formbricks__6edfe8f9db6a,formbricks,R1,TA,yes,false
formbricks__6edfe8f9db6a,formbricks,R2,TA,yes,false
formbricks__74cd03baa592,formbricks,R1,AR,yes,false
formbricks__74cd03baa592,formbricks,R2,TA,yes,false
formbricks__83c2d10efb60,formbricks,R1,AR,yes,false
formbricks__83c2d10efb60,formbricks,R2,TA,yes,false
formbricks__83c2d10efb60,formbricks,R3,TA,yes,false
formbricks__83c2d10efb60,formbricks,R4,FA,yes,false
formbricks__83c2d10efb60,formbricks,R5,TA,yes,false
formbricks__83c2d10efb60,formbricks,R6,OTHER,yes,false
formbricks__8804d78891f8,formbricks,R1,AR,yes,false
formbricks__9a1fe6bf806d,formbricks,R1,FA,yes,false
formbricks__9a1fe6bf806d,formbricks,R2,IA,yes,false
formbricks__9a1fe6bf806d,formbricks,R3,TA,yes,false
formbricks__9a1fe6bf806d,formbricks,R4,IA,yes,false
formbricks__9a1fe6bf806d,formbricks,R5,FA,yes,false
formbricks__9a1fe6bf806d,formbricks,R6,TA,yes,false
formbricks__9a1fe6bf806d,formbricks,R7,TA,yes,false
formbricks__9e7a84135d70,formbricks,R1,FA,yes,false
formbricks__9e7a84135d70,formbricks,R2,IA,yes,false
formbricks__9e7a84135d70,formbricks,R3,FA,yes,false
formbricks__9e7a84135d70,formbricks,R4,IA,yes,false
formbricks__9e7a84135d70,formbricks,R5,TA,yes,false
formbricks__9e7a84135d70,formbricks,R6,TA,yes,false
formbricks__9e7a84135d70,formbricks,R7,TA,yes,false
formbricks__9e7a84135d70,formbricks,R8,TA,yes,false
formbricks__9e7a84135d70,formbricks,R9,TA,yes,false
formbricks__9e7a84135d70,formbricks,R10,TA,yes,false
formbricks__9e7a84135d70,formbricks,R11,TA,yes,false
formbricks__9e7a84135d70,formbricks,R12,TA,yes,false
formbricks__9e7a84135d70,formbricks,R13,TA,yes,false
formbricks__9e7a84135d70,formbricks,R14,TA,yes,false
formbricks__9e7a84135d70,formbricks,R15,TA,yes,false
formbricks__9e7a84135d70,formbricks,R16,TA,yes,false
formbricks__9e7a84135d70,formbricks,R17,OTHER,yes,false
formbricks__9e7a84135d70,formbricks,R18,OTHER,uncertain,true
formbricks__9e7a84135d70,formbricks,R19,AR,yes,false
formbricks__9e7a84135d70,formbricks,R20,FA,yes,false
formbricks__9e7a84135d70,formbricks,R21,AR,no,false
formbricks__9e7a84135d70,formbricks,R22,TA,no,false
formbricks__9e7a84135d70,formbricks,R23,OTHER,no,false
formbricks__9e7a84135d70,formbricks,R24,FA,yes,false
formbricks__9e7a84135d70,formbricks,R25,IA,yes,false
formbricks__9e7a84135d70,formbricks,R26,AR,yes,false
formbricks__9e7a84135d70,formbricks,R27,FA,yes,false
formbricks__9e7a84135d70,formbricks,R28,IA,yes,false
formbricks__9e7a84135d70,formbricks,R29,AR,yes,false
formbricks__9e7a84135d70,formbricks,R30,TA,yes,false
formbricks__9e7a84135d70,formbricks,R31,TA,yes,false
formbricks__9e7a84135d70,formbricks,R32,TA,yes,false
formbricks__9e7a84135d70,formbricks,R33,FA,yes,false
formbricks__9e7a84135d70,formbricks,R34,IA,yes,false
formbricks__9e7a84135d70,formbricks,R35,AR,yes,false
formbricks__9e7a84135d70,formbricks,R36,FA,yes,false
formbricks__9e7a84135d70,formbricks,R37,IA,yes,false
formbricks__9e7a84135d70,formbricks,R38,AR,yes,false
formbricks__9e7a84135d70,formbricks,R39,OTHER,no,false
formbricks__9e7a84135d70,formbricks,R40,IA,yes,false
formbricks__9e7a84135d70,formbricks,R41,FA,yes,false
formbricks__9e7a84135d70,formbricks,R42,TA,yes,false
formbricks__9e7a84135d70,formbricks,R43,OTHER,no,false
formbricks__9e7a84135d70,formbricks,R44,OTHER,yes,false
formbricks__9e7a84135d70,formbricks,R45,FA,yes,false
formbricks__9e7a84135d70,formbricks,R46,OTHER,yes,false
formbricks__9e7a84135d70,formbricks,R47,FA,yes,false
formbricks__9e7a84135d70,formbricks,R48,IA,yes,false
formbricks__9e7a84135d70,formbricks,R49,TA,yes,false
formbricks__9e7a84135d70,formbricks,R50,TA,yes,false
formbricks__9e7a84135d70,formbricks,R51,TA,yes,false
formbricks__9e7a84135d70,formbricks,R52,TA,yes,false
formbricks__9e7a84135d70,formbricks,R53,TA,yes,false
formbricks__9e7a84135d70,formbricks,R54,TA,yes,false
formbricks__9e7a84135d70,formbricks,R55,TA,yes,false
formbricks__9e7a84135d70,formbricks,R56,TA,yes,false
formbricks__9e7a84135d70,formbricks,R57,TA,yes,false
formbricks__9e7a84135d70,formbricks,R58,TA,yes,false
formbricks__9e7a84135d70,formbricks,R59,TA,yes,false
formbricks__9e7a84135d70,formbricks,R60,TA,yes,false
formbricks__9e7a84135d70,formbricks,R61,TA,yes,false
formbricks__9e7a84135d70,formbricks,R62,FA,yes,false
formbricks__9e7a84135d70,formbricks,R63,AR,yes,false
formbricks__9e7a84135d70,formbricks,R64,AR,yes,false
formbricks__9e7a84135d70,formbricks,R65,IA,yes,false
formbricks__9e7a84135d70,formbricks,R66,FA,yes,false
formbricks__9e7a84135d70,formbricks,R67,AR,yes,false
formbricks__9e7a84135d70,formbricks,R68,AR,yes,false
formbricks__9e7a84135d70,formbricks,R69,IA,yes,false
formbricks__9e7a84135d70,formbricks,R70,TA,no,false
formbricks__9e7a84135d70,formbricks,R71,TA,yes,false
formbricks__9e7a84135d70,formbricks,R72,TA,no,false
formbricks__9e7a84135d70,formbricks,R73,IA,yes,false
formbricks__9e7a84135d70,formbricks,R74,FA,yes,false
formbricks__9e7a84135d70,formbricks,R75,TA,yes,false
formbricks__9e7a84135d70,formbricks,R76,TA,yes,false
formbricks__9e7a84135d70,formbricks,R77,TA,yes,false
formbricks__9e7a84135d70,formbricks,R78,TA,yes,false
formbricks__9e7a84135d70,formbricks,R79,TA,yes,false
formbricks__9e7a84135d70,formbricks,R80,TA,yes,false
formbricks__9e7a84135d70,formbricks,R81,TA,yes,false
formbricks__9e7a84135d70,formbricks,R82,FA,yes,false
formbricks__9e7a84135d70,formbricks,R83,OTHER,uncertain,true
formbricks__9e7a84135d70,formbricks,R84,OTHER,yes,false
formbricks__9e7a84135d70,formbricks,R85,OTHER,uncertain,true
formbricks__9e7a84135d70,formbricks,R86,IA,yes,false
formbricks__9fddd4dd44da,formbricks,R1,IA,yes,false
formbricks__9fddd4dd44da,formbricks,R2,IA,yes,false
formbricks__9fddd4dd44da,formbricks,R3,OTHER,uncertain,true
formbricks__9fddd4dd44da,formbricks,R4,OTHER,no,false
formbricks__a14dfde4c290,formbricks,R1,FA,yes,false
formbricks__a24e4d7176a0,formbricks,R1,TA,yes,false
formbricks__a426e2ee8622,formbricks,R1,IA,yes,false
formbricks__a426e2ee8622,formbricks,R2,AR,yes,false
formbricks__b1640a544588,formbricks,R1,IA,yes,false
formbricks__b1640a544588,formbricks,R2,TA,yes,false
formbricks__b1640a544588,formbricks,R3,TA,yes,false
formbricks__b1640a544588,formbricks,R4,TA,yes,false
formbricks__b1640a544588,formbricks,R5,TA,yes,false
formbricks__b1640a544588,formbricks,R6,OTHER,yes,false
formbricks__b9587a7da452,formbricks,R1,FA,uncertain,true
formbricks__b9587a7da452,formbricks,R2,IA,no,false
formbricks__b9587a7da452,formbricks,R3,OTHER,uncertain,true
formbricks__b9587a7da452,formbricks,R4,AR,uncertain,true
formbricks__b9587a7da452,formbricks,R5,TA,uncertain,true
formbricks__b9587a7da452,formbricks,R6,OTHER,uncertain,true
formbricks__bb4831e101b6,formbricks,R1,FA,yes,false
formbricks__bb4831e101b6,formbricks,R2,AR,yes,false
formbricks__bd27ad76f5ea,formbricks,R1,TA,yes,false
formbricks__bd27ad76f5ea,formbricks,R2,TA,yes,false
formbricks__c4ecbebbc2a9,formbricks,R1,FA,yes,false
formbricks__c4ecbebbc2a9,formbricks,R2,FA,yes,false
formbricks__c4ecbebbc2a9,formbricks,R3,FA,no,false
formbricks__c4ecbebbc2a9,formbricks,R4,AR,no,false
formbricks__c4ecbebbc2a9,formbricks,R5,TA,no,false
formbricks__c6e50874c8a3,formbricks,R1,FA,yes,false
formbricks__c6e50874c8a3,formbricks,R2,TA,yes,false
formbricks__c6e50874c8a3,formbricks,R3,TA,yes,false
formbricks__c6e50874c8a3,formbricks,R4,TA,yes,false
formbricks__c6e50874c8a3,formbricks,R5,TA,yes,false
formbricks__c6e50874c8a3,formbricks,R6,TA,yes,false
formbricks__c74c743a74a6,formbricks,R1,TA,yes,false
formbricks__c74c743a74a6,formbricks,R2,TA,yes,false
formbricks__c74c743a74a6,formbricks,R3,TA,yes,false
formbricks__c74c743a74a6,formbricks,R4,TA,yes,false
formbricks__c74c743a74a6,formbricks,R5,FA,yes,false
formbricks__c74c743a74a6,formbricks,R6,TA,yes,false
formbricks__c74c743a74a6,formbricks,R7,TA,yes,false
formbricks__d1be4a6cff8e,formbricks,R1,TA,yes,false
formbricks__d1be4a6cff8e,formbricks,R2,OTHER,yes,false
formbricks__d1be4a6cff8e,formbricks,R3,TA,yes,false
formbricks__d1be4a6cff8e,formbricks,R4,TA,yes,false
formbricks__da7c5c7ba5ca,formbricks,R1,TA,yes,false
formbricks__da7c5c7ba5ca,formbricks,R2,TA,yes,false
formbricks__df05a02659fd,formbricks,R1,IA,yes,false
formbricks__e246e86e446b,formbricks,R1,FA,yes,false
formbricks__e246e86e446b,formbricks,R2,AR,yes,false
formbricks__e48986e36d38,formbricks,R1,OTHER,yes,false
formbricks__e48986e36d38,formbricks,R2,TA,yes,false
formbricks__e48986e36d38,formbricks,R3,TA,yes,false
formbricks__e48986e36d38,formbricks,R4,TA,yes,false
formbricks__e48986e36d38,formbricks,R5,TA,yes,false
formbricks__e48986e36d38,formbricks,R6,TA,yes,false
formbricks__e48986e36d38,formbricks,R7,TA,yes,false
formbricks__eb4af545cdec,formbricks,R1,FA,yes,false
formbricks__f45c79d3fe37,formbricks,R1,FA,yes,false
formbricks__f85559cf57e2,formbricks,R1,TA,yes,false
formbricks__f85559cf57e2,formbricks,R2,TA,yes,false
formbricks__f85559cf57e2,formbricks,R3,TA,yes,false
formbricks__fa11cb6eb760,formbricks,R1,TA,yes,false
formbricks__fa11cb6eb760,formbricks,R2,TA,yes,false
formbricks__fa11cb6eb760,formbricks,R3,TA,yes,false
formbricks__fa11cb6eb760,formbricks,R4,TA,yes,false
formbricks__fa11cb6eb760,formbricks,R5,TA,yes,false
formbricks__fa11cb6eb760,formbricks,R6,TA,yes,false
formbricks__fa11cb6eb760,formbricks,R7,TA,yes,false
formbricks__fa11cb6eb760,formbricks,R8,TA,yes,false
formbricks__fa11cb6eb760,formbricks,R9,TA,yes,false
formbricks__fa11cb6eb760,formbricks,R10,TA,yes,false
formbricks__fa11cb6eb760,formbricks,R11,TA,yes,false
formbricks__fa11cb6eb760,formbricks,R12,OTHER,no,false
formbricks__fa11cb6eb760,formbricks,R13,TA,no,false
formbricks__fa11cb6eb760,formbricks,R14,TA,yes,false
formbricks__fa11cb6eb760,formbricks,R15,TA,yes,false
formbricks__fa11cb6eb760,formbricks,R16,TA,yes,false
formbricks__fed7403f087a,formbricks,R1,FA,yes,false
formbricks__fed7403f087a,formbricks,R2,TA,yes,false
formbricks__fed7403f087a,formbricks,R3,FA,yes,false
formbricks__fed7403f087a,formbricks,R4,TA,yes,false
grafana__046c8d56aa1c,grafana,R1,TA,yes,false
grafana__046c8d56aa1c,grafana,R2,TA,yes,false
grafana__046c8d56aa1c,grafana,R3,TA,yes,false
grafana__046c8d56aa1c,grafana,R4,TA,yes,false
grafana__046c8d56aa1c,grafana,R5,TA,yes,false
grafana__3c05750ed8a2,grafana,R1,OTHER,yes,false
grafana__3c05750ed8a2,grafana,R2,AR,yes,false
grafana__3c05750ed8a2,grafana,R3,OTHER,yes,false
grafana__3c05750ed8a2,grafana,R4,OTHER,no,false
grafana__3c05750ed8a2,grafana,R5,TA,yes,false
grafana__3c05750ed8a2,grafana,R6,TA,yes,false
grafana__3c05750ed8a2,grafana,R7,TA,yes,false
grafana__3c05750ed8a2,grafana,R8,TA,yes,false
grafana__3c05750ed8a2,grafana,R9,OTHER,yes,false
grafana__3c05750ed8a2,grafana,R10,TA,yes,false
grafana__3c05750ed8a2,grafana,R11,TA,yes,false
grafana__3c05750ed8a2,grafana,R12,TA,yes,false
grafana__3c05750ed8a2,grafana,R13,TA,yes,false
grafana__3c05750ed8a2,grafana,R14,TA,yes,false
grafana__3c05750ed8a2,grafana,R15,TA,yes,false
grafana__3c05750ed8a2,grafana,R16,FA,yes,false
grafana__3c05750ed8a2,grafana,R17,AR,yes,false
grafana__3c05750ed8a2,grafana,R18,FA,yes,false
grafana__3c05750ed8a2,grafana,R19,TA,yes,false
grafana__3c05750ed8a2,grafana,R20,FA,yes,false
grafana__3c05750ed8a2,grafana,R21,TA,yes,false
grafana__5bee1295a0bd,grafana,R1,TA,yes,false
grafana__5bee1295a0bd,grafana,R2,TA,yes,false
grafana__726645f81206,grafana,R1,OTHER,yes,false
grafana__726645f81206,grafana,R2,AR,yes,false
grafana__726645f81206,grafana,R3,FA,yes,false
grafana__726645f81206,grafana,R4,TA,yes,false
grafana__726645f81206,grafana,R5,TA,yes,false
grafana__726645f81206,grafana,R6,AR,yes,false
grafana__726645f81206,grafana,R7,TA,yes,false
grafana__726645f81206,grafana,R8,TA,yes,false
grafana__726645f81206,grafana,R9,TA,yes,false
grafana__726645f81206,grafana,R10,TA,yes,false
grafana__726645f81206,grafana,R11,TA,yes,false
grafana__726645f81206,grafana,R12,AR,yes,false
grafana__726645f81206,grafana,R13,TA,yes,false
grafana__726645f81206,grafana,R14,TA,yes,false
grafana__726645f81206,grafana,R15,TA,yes,false
grafana__726645f81206,grafana,R16,TA,yes,false
grafana__726645f81206,grafana,R17,FA,yes,false
grafana__726645f81206,grafana,R18,OTHER,yes,false
grafana__b631518e9055,grafana,R1,TA,yes,false
grafana__b631518e9055,grafana,R2,TA,yes,false
grafana__b631518e9055,grafana,R3,FA,yes,false
grafana__b631518e9055,grafana,R4,AR,yes,false
grafana__b631518e9055,grafana,R5,OTHER,yes,false
grafana__b631518e9055,grafana,R6,TA,yes,false
grafana__b631518e9055,grafana,R7,TA,yes,false
grafana__b631518e9055,grafana,R8,TA,yes,false
grafana__b631518e9055,grafana,R9,TA,yes,false
grafana__b631518e9055,grafana,R10,TA,yes,false
grafana__b631518e9055,grafana,R11,TA,yes,false
grafana__b631518e9055,grafana,R12,TA,yes,false
grafana__b631518e9055,grafana,R13,TA,yes,false
grafana__b631518e9055,grafana,R14,OTHER,yes,false
grafana__b631518e9055,grafana,R15,TA,yes,false
grafana__b631518e9055,grafana,R16,TA,yes,false
grafana__b631518e9055,grafana,R17,TA,yes,false
grafana__b631518e9055,grafana,R18,AR,yes,false
grafana__b631518e9055,grafana,R19,TA,yes,false
grafana__b631518e9055,grafana,R20,FA,yes,false
grafana__b631518e9055,grafana,R21,AR,yes,false
grafana__b631518e9055,grafana,R22,TA,yes,false
grafana__b631518e9055,grafana,R23,OTHER,yes,false
grafana__b631518e9055,grafana,R24,TA,yes,false
grafana__b631518e9055,grafana,R25,TA,yes,false
grafana__b631518e9055,grafana,R26,AR,yes,false
grafana__b631518e9055,grafana,R27,TA,yes,false
grafana__b631518e9055,grafana,R28,TA,yes,false
grafana__b631518e9055,grafana,R29,TA,no,false
grafana__b631518e9055,grafana,R30,TA,yes,false
grafana__b631518e9055,grafana,R31,OTHER,no,false
grafana__b631518e9055,grafana,R32,TA,no,false
grafana__b71de9305549,grafana,R1,TA,yes,false
grafana__b71de9305549,grafana,R2,TA,yes,false
grafana__b71de9305549,grafana,R3,TA,yes,false
grafana__c1dcf4965a3a,grafana,R1,TA,yes,false
grafana__c1dcf4965a3a,grafana,R2,FA,no,false
grafana__c1dcf4965a3a,grafana,R3,TA,no,false
grafana__c1dcf4965a3a,grafana,R4,OTHER,yes,false
grafana__c1dcf4965a3a,grafana,R5,TA,yes,false
grafana__c1dcf4965a3a,grafana,R6,FA,yes,false
grafana__c1dcf4965a3a,grafana,R7,AR,yes,false
grafana__c1dcf4965a3a,grafana,R8,TA,yes,false
grafana__c1dcf4965a3a,grafana,R9,TA,yes,false
grafana__c1dcf4965a3a,grafana,R10,FA,yes,false
grafana__c1dcf4965a3a,grafana,R11,AR,yes,false
grafana__c1dcf4965a3a,grafana,R12,TA,yes,false
grafana__c1dcf4965a3a,grafana,R13,TA,no,false
grafana__c1dcf4965a3a,grafana,R14,TA,yes,false
grafana__c1dcf4965a3a,grafana,R15,FA,yes,false
grafana__c1dcf4965a3a,grafana,R16,FA,yes,false
grafana__c1dcf4965a3a,grafana,R17,AR,yes,false
grafana__c1dcf4965a3a,grafana,R18,TA,yes,false
grafana__c1dcf4965a3a,grafana,R19,TA,yes,false
grafana__c1dcf4965a3a,grafana,R20,IA,yes,false
grafana__c1dcf4965a3a,grafana,R21,AR,yes,false
grafana__c1dcf4965a3a,grafana,R22,TA,yes,false
grafana__c1dcf4965a3a,grafana,R23,FA,no,false
grafana__c1dcf4965a3a,grafana,R24,OTHER,no,false
grafana__c1dcf4965a3a,grafana,R25,TA,no,false
grafana__c1dcf4965a3a,grafana,R26,TA,no,false
grafana__c1dcf4965a3a,grafana,R27,TA,no,false
grafana__c1dcf4965a3a,grafana,R28,TA,no,false
grafana__c1dcf4965a3a,grafana,R29,TA,no,false
grafana__c1dcf4965a3a,grafana,R30,TA,no,false
grafana__c1dcf4965a3a,grafana,R31,FA,yes,false
grafana__d6ec6f0e13dc,grafana,R1,TA,yes,false
grafana__d6ec6f0e13dc,grafana,R2,FA,yes,false
grafana__d6ec6f0e13dc,grafana,R3,OTHER,yes,false
grafana__d6ec6f0e13dc,grafana,R4,TA,yes,false
grafana__d6ec6f0e13dc,grafana,R5,TA,yes,false
grafana__d6ec6f0e13dc,grafana,R6,TA,yes,false
grafana__d6ec6f0e13dc,grafana,R7,FA,yes,false
grafana__d6ec6f0e13dc,grafana,R8,AR,yes,false
grafana__d6ec6f0e13dc,grafana,R9,TA,yes,false
hoppscotch__09f823420734,hoppscotch,R1,IA,yes,false
hoppscotch__2cf35f0a1630,hoppscotch,R1,TA,yes,false
hoppscotch__2cf35f0a1630,hoppscotch,R2,TA,yes,false
hoppscotch__2cf35f0a1630,hoppscotch,R3,TA,yes,false
hoppscotch__2cf35f0a1630,hoppscotch,R4,TA,yes,false
hoppscotch__2cf35f0a1630,hoppscotch,R5,TA,yes,false
hoppscotch__2cf35f0a1630,hoppscotch,R6,TA,yes,false
hoppscotch__2cf35f0a1630,hoppscotch,R7,TA,yes,false
hoppscotch__2cf35f0a1630,hoppscotch,R8,TA,yes,false
hoppscotch__5cc4a3518376,hoppscotch,R1,TA,yes,false
hoppscotch__5cc4a3518376,hoppscotch,R2,TA,yes,false
hoppscotch__5cc4a3518376,hoppscotch,R3,TA,no,false
hoppscotch__65da7702388b,hoppscotch,R1,OTHER,no,false
hoppscotch__68948843f66b,hoppscotch,R1,TA,yes,false
hoppscotch__68948843f66b,hoppscotch,R2,TA,yes,false
hoppscotch__68948843f66b,hoppscotch,R3,TA,yes,false
hoppscotch__68948843f66b,hoppscotch,R4,OTHER,no,false
hoppscotch__7854259a9bcd,hoppscotch,R1,FA,yes,false
hoppscotch__7854259a9bcd,hoppscotch,R2,IA,yes,false
hoppscotch__7854259a9bcd,hoppscotch,R3,TA,yes,false
hoppscotch__79c3d3442f37,hoppscotch,R1,FA,yes,false
hoppscotch__79c3d3442f37,hoppscotch,R2,FA,yes,false
hoppscotch__79c3d3442f37,hoppscotch,R3,FA,yes,false
hoppscotch__79c3d3442f37,hoppscotch,R4,FA,yes,false
hoppscotch__79c3d3442f37,hoppscotch,R5,AR,yes,false
hoppscotch__79c3d3442f37,hoppscotch,R6,FA,yes,false
hoppscotch__79c3d3442f37,hoppscotch,R7,OTHER,yes,false
hoppscotch__79c3d3442f37,hoppscotch,R8,IA,yes,false
hoppscotch__79c3d3442f37,hoppscotch,R9,FA,yes,false
hoppscotch__79c3d3442f37,hoppscotch,R10,OTHER,no,false
hoppscotch__8c22bb36311e,hoppscotch,R1,IA,yes,false
hoppscotch__8c22bb36311e,hoppscotch,R2,TA,yes,false
hoppscotch__8c22bb36311e,hoppscotch,R3,FA,yes,false
hoppscotch__8c22bb36311e,hoppscotch,R4,AR,yes,false
hoppscotch__8c22bb36311e,hoppscotch,R5,OTHER,no,false
hoppscotch__9aaad5f47dcc,hoppscotch,R1,FA,yes,false
hoppscotch__9aaad5f47dcc,hoppscotch,R2,TA,yes,false
hoppscotch__9aaad5f47dcc,hoppscotch,R3,TA,yes,false
hoppscotch__9aaad5f47dcc,hoppscotch,R4,TA,yes,false
hoppscotch__9aaad5f47dcc,hoppscotch,R5,AR,yes,false
hoppscotch__b79b6e19a4fa,hoppscotch,R1,FA,yes,false
hoppscotch__b79b6e19a4fa,hoppscotch,R2,FA,yes,false
hoppscotch__b79b6e19a4fa,hoppscotch,R3,FA,yes,false
hoppscotch__b79b6e19a4fa,hoppscotch,R4,AR,yes,false
hoppscotch__b79b6e19a4fa,hoppscotch,R5,TA,yes,false
hoppscotch__b79b6e19a4fa,hoppscotch,R6,TA,yes,false
hoppscotch__b79b6e19a4fa,hoppscotch,R7,OTHER,no,false
hoppscotch__b93a774665a9,hoppscotch,R1,FA,yes,false
hoppscotch__bb87bf999811,hoppscotch,R1,FA,yes,false
hoppscotch__bb87bf999811,hoppscotch,R2,AR,yes,false
hoppscotch__bb87bf999811,hoppscotch,R3,FA,yes,false
hoppscotch__bb87bf999811,hoppscotch,R4,TA,yes,false
hoppscotch__bb87bf999811,hoppscotch,R5,IA,yes,false
hoppscotch__bb87bf999811,hoppscotch,R6,AR,yes,false
hoppscotch__bb87bf999811,hoppscotch,R7,TA,yes,false
hoppscotch__bb87bf999811,hoppscotch,R8,TA,yes,false
hoppscotch__bb87bf999811,hoppscotch,R9,TA,yes,false
hoppscotch__bb87bf999811,hoppscotch,R10,TA,yes,false
hoppscotch__bb87bf999811,hoppscotch,R11,OTHER,yes,false
hoppscotch__bb87bf999811,hoppscotch,R12,FA,yes,false
hoppscotch__c0c49974db13,hoppscotch,R1,TA,yes,false
hoppscotch__c408b3d82806,hoppscotch,R1,FA,yes,false
hoppscotch__c408b3d82806,hoppscotch,R2,TA,yes,false
hoppscotch__c408b3d82806,hoppscotch,R3,FA,yes,false
hoppscotch__c408b3d82806,hoppscotch,R4,AR,yes,false
hoppscotch__d5c3067e2012,hoppscotch,R1,FA,yes,false
hoppscotch__fd297fc8a43c,hoppscotch,R1,TA,yes,false
hoppscotch__fd297fc8a43c,hoppscotch,R2,TA,no,false
medusa__2910140b97b7,medusa,R1,TA,yes,false
medusa__2910140b97b7,medusa,R2,OTHER,no,false
medusa__d3dfa8ae18c8,medusa,R1,TA,yes,false
medusa__d3dfa8ae18c8,medusa,R2,TA,no,false
medusa__d3dfa8ae18c8,medusa,R3,TA,no,false
medusa__d7cae19119db,medusa,R1,TA,yes,false
medusa__d7cae19119db,medusa,R2,TA,yes,false
medusa__d7cae19119db,medusa,R3,TA,yes,false
medusa__d7cae19119db,medusa,R4,TA,yes,false
medusa__d7cae19119db,medusa,R5,TA,yes,false
medusa__d7cae19119db,medusa,R6,TA,yes,false
medusa__d7cae19119db,medusa,R7,TA,yes,false
medusa__d7cae19119db,medusa,R8,TA,yes,false
medusa__d7cae19119db,medusa,R9,TA,no,false
payload__0a8e5d8efaa1,payload,R1,TA,yes,false
payload__0a8e5d8efaa1,payload,R2,TA,yes,false
payload__0a8e5d8efaa1,payload,R3,TA,no,false
payload__0a8e5d8efaa1,payload,R4,TA,no,false
payload__149d9b7766ac,payload,R1,TA,yes,false
payload__16c941abebfd,payload,R1,TA,yes,false
payload__16c941abebfd,payload,R2,TA,yes,false
payload__16c941abebfd,payload,R3,TA,yes,false
payload__16c941abebfd,payload,R4,TA,yes,false
payload__1ae32f700b80,payload,R1,TA,yes,false
payload__1ae32f700b80,payload,R2,TA,yes,false
payload__1ae32f700b80,payload,R3,TA,yes,false
payload__246fb7f9213e,payload,R1,TA,yes,false
payload__246fb7f9213e,payload,R2,TA,yes,false
payload__246fb7f9213e,payload,R3,TA,yes,false
payload__246fb7f9213e,payload,R4,TA,yes,false
payload__246fb7f9213e,payload,R5,TA,yes,false
payload__32c60d60b8a1,payload,R1,TA,yes,false
payload__32c60d60b8a1,payload,R2,TA,yes,false
payload__32c60d60b8a1,payload,R3,TA,yes,false
payload__32c60d60b8a1,payload,R4,TA,yes,false
payload__32c60d60b8a1,payload,R5,TA,yes,false
payload__5464acd3b813,payload,R1,TA,yes,false
payload__5464acd3b813,payload,R2,TA,yes,false
payload__5464acd3b813,payload,R3,TA,yes,false
payload__5464acd3b813,payload,R4,TA,yes,false
payload__7270174975fe,payload,R1,TA,yes,false
payload__7270174975fe,payload,R2,TA,yes,false
payload__7270174975fe,payload,R3,TA,yes,false
payload__7270174975fe,payload,R4,TA,yes,false
payload__7270174975fe,payload,R5,TA,yes,false
payload__7270174975fe,payload,R6,TA,yes,false
payload__730b19472510,payload,R1,TA,yes,false
payload__730b19472510,payload,R2,TA,yes,false
payload__730b19472510,payload,R3,TA,no,false
payload__730b19472510,payload,R4,TA,no,false
payload__8b022d0e8774,payload,R1,TA,yes,false
payload__8b022d0e8774,payload,R2,TA,yes,false
payload__8b022d0e8774,payload,R3,TA,yes,false
payload__8b022d0e8774,payload,R4,TA,yes,false
payload__8c75eded8723,payload,R1,TA,yes,false
payload__8c75eded8723,payload,R2,TA,yes,false
payload__8c75eded8723,payload,R3,TA,yes,false
payload__8c75eded8723,payload,R4,TA,yes,false
payload__8c75eded8723,payload,R5,TA,yes,false
payload__8c75eded8723,payload,R6,TA,yes,false
payload__8c75eded8723,payload,R7,TA,yes,false
payload__8c75eded8723,payload,R8,TA,yes,false
payload__8c75eded8723,payload,R9,TA,yes,false
payload__8fd82f4370fc,payload,R1,AR,yes,false
payload__8fd82f4370fc,payload,R2,TA,yes,false
payload__97af7716730a,payload,R1,TA,yes,false
payload__97af7716730a,payload,R2,TA,yes,false
payload__fa7ec34970db,payload,R1,AR,yes,false
payload__fa7ec34970db,payload,R2,TA,yes,false
payload__fb621c1ff7b8,payload,R1,TA,yes,false
payload__fb621c1ff7b8,payload,R2,TA,yes,false
payload__fb621c1ff7b8,payload,R3,TA,yes,false
rallly__761691a1bfb3,rallly,R1,FA,yes,false
rallly__761691a1bfb3,rallly,R2,AR,yes,false
rallly__76aae411d20d,rallly,R1,AR,yes,false
rallly__76aae411d20d,rallly,R2,TA,yes,false
rallly__98899fd68897,rallly,R1,OTHER,yes,false
rallly__98d32576e7be,rallly,R1,TA,yes,false
rallly__e56f73c51671,rallly,R1,TA,yes,false
rallly__e56f73c51671,rallly,R2,TA,yes,false
rallly__e56f73c51671,rallly,R3,TA,yes,false
rallly__e56f73c51671,rallly,R4,TA,yes,false
rallly__e56f73c51671,rallly,R5,TA,yes,false
rallly__e56f73c51671,rallly,R6,TA,yes,false
rallly__f1c87a008978,rallly,R1,FA,yes,false
rallly__fa52875fd201,rallly,R1,IA,yes,false
rallly__fa52875fd201,rallly,R2,AR,yes,false
rallly__fa52875fd201,rallly,R3,FA,yes,false
rallly__fa52875fd201,rallly,R4,TA,yes,false
requestly__b8ba3c46037c,requestly,R1,FA,yes,false
saleor__03aeca7dc809,saleor,R1,TA,yes,false
saleor__03aeca7dc809,saleor,R2,TA,yes,false
saleor__03aeca7dc809,saleor,R3,TA,yes,false
saleor__03aeca7dc809,saleor,R4,TA,yes,false
saleor__03aeca7dc809,saleor,R5,TA,yes,false
saleor__052836836fbc,saleor,R1,OTHER,no,false
saleor__0756cd8dad07,saleor,R1,TA,yes,false
saleor__0756cd8dad07,saleor,R2,TA,yes,false
saleor__0756cd8dad07,saleor,R3,TA,yes,false
saleor__0756cd8dad07,saleor,R4,TA,yes,false
saleor__0756cd8dad07,saleor,R5,TA,yes,false
saleor__09b926b7dd99,saleor,R1,TA,yes,false
saleor__0a967e363af4,saleor,R1,AR,yes,false
saleor__0bb46cda954c,saleor,R1,FA,yes,false
saleor__0bb46cda954c,saleor,R2,AR,yes,false
saleor__0bb46cda954c,saleor,R3,TA,yes,false
saleor__0bb46cda954c,saleor,R4,FA,yes,false
saleor__0bb46cda954c,saleor,R5,FA,no,false
saleor__0bb46cda954c,saleor,R6,OTHER,yes,false
saleor__0d40a23a919d,saleor,R1,FA,yes,false
saleor__0d40a23a919d,saleor,R2,IA,yes,false
saleor__0d40a23a919d,saleor,R3,TA,yes,false
saleor__0d40a23a919d,saleor,R4,TA,yes,false
saleor__0d40a23a919d,saleor,R5,TA,no,false
saleor__0d40a23a919d,saleor,R6,TA,no,false
saleor__0d40a23a919d,saleor,R7,TA,yes,false
saleor__0d40a23a919d,saleor,R8,TA,yes,false
saleor__0d40a23a919d,saleor,R9,TA,yes,false
saleor__0d40a23a919d,saleor,R10,FA,yes,false
saleor__0d40a23a919d,saleor,R11,TA,yes,false
saleor__0d40a23a919d,saleor,R12,TA,yes,false
saleor__0d40a23a919d,saleor,R13,TA,yes,false
saleor__0d40a23a919d,saleor,R14,TA,yes,false
saleor__0d40a23a919d,saleor,R15,TA,yes,false
saleor__0d40a23a919d,saleor,R16,TA,yes,false
saleor__0d40a23a919d,saleor,R17,AR,yes,false
saleor__0d40a23a919d,saleor,R18,AR,yes,false
saleor__0d40a23a919d,saleor,R19,FA,yes,false
saleor__0f0a9c4a0cc8,saleor,R1,TA,yes,false
saleor__0f0a9c4a0cc8,saleor,R2,TA,yes,false
saleor__0f0a9c4a0cc8,saleor,R3,TA,yes,false
saleor__0f0a9c4a0cc8,saleor,R4,TA,no,false
saleor__0f0a9c4a0cc8,saleor,R5,TA,no,false
saleor__14136326d1b4,saleor,R1,IA,yes,false
saleor__14136326d1b4,saleor,R2,TA,yes,false
saleor__14136326d1b4,saleor,R3,TA,yes,false
saleor__14136326d1b4,saleor,R4,TA,yes,false
saleor__14136326d1b4,saleor,R5,TA,yes,false
saleor__1443c67d77df,saleor,R1,TA,yes,false
saleor__1443c67d77df,saleor,R2,AR,yes,false
saleor__1443c67d77df,saleor,R3,FA,yes,false
saleor__1644075d81b2,saleor,R1,FA,yes,false
saleor__1862b44826ea,saleor,R1,OTHER,no,false
saleor__1974800db565,saleor,R1,TA,yes,false
saleor__1974800db565,saleor,R2,TA,yes,false
saleor__1974800db565,saleor,R3,TA,yes,false
saleor__1974800db565,saleor,R4,TA,yes,false
saleor__1aaaae9f2ee9,saleor,R1,FA,yes,false
saleor__1aaaae9f2ee9,saleor,R2,TA,yes,false
saleor__1aaaae9f2ee9,saleor,R3,TA,yes,false
saleor__1aaaae9f2ee9,saleor,R4,TA,yes,false
saleor__1aaaae9f2ee9,saleor,R5,TA,yes,false
saleor__30f873a646e4,saleor,R1,OTHER,no,false
saleor__344b53f15eaa,saleor,R1,AR,yes,false
saleor__38966a07ccbd,saleor,R1,OTHER,no,false
saleor__3b6a818048c7,saleor,R1,FA,yes,false
saleor__3b6a818048c7,saleor,R2,TA,yes,false
saleor__3fa181ccbb01,saleor,R1,TA,yes,false
saleor__3fa181ccbb01,saleor,R2,TA,yes,false
saleor__3fa181ccbb01,saleor,R3,TA,yes,false
saleor__3fa181ccbb01,saleor,R4,TA,yes,false
saleor__3fa181ccbb01,saleor,R5,TA,yes,false
saleor__3fa181ccbb01,saleor,R6,TA,yes,false
saleor__41f8cefdf931,saleor,R1,TA,no,false
saleor__41f8cefdf931,saleor,R2,TA,yes,false
saleor__41f8cefdf931,saleor,R3,TA,yes,false
saleor__41f8cefdf931,saleor,R4,TA,no,false
saleor__47f89d573219,saleor,R1,TA,yes,false
saleor__4bb7ec3ba959,saleor,R1,FA,yes,false
saleor__4bb7ec3ba959,saleor,R2,FA,yes,false
saleor__4bb7ec3ba959,saleor,R3,TA,yes,false
saleor__4bb7ec3ba959,saleor,R4,TA,yes,false
saleor__4bb7ec3ba959,saleor,R5,TA,yes,false
saleor__4f7f7c98c454,saleor,R1,TA,yes,false
saleor__4f7f7c98c454,saleor,R2,FA,yes,false
saleor__4f7f7c98c454,saleor,R3,TA,yes,false
saleor__4f7f7c98c454,saleor,R4,TA,yes,false
saleor__4f7f7c98c454,saleor,R5,TA,yes,false
saleor__4f7f7c98c454,saleor,R6,TA,yes,false
saleor__4f7f7c98c454,saleor,R7,TA,yes,false
saleor__4f7f7c98c454,saleor,R8,TA,yes,false
saleor__4fd4cafcb76e,saleor,R1,FA,yes,false
saleor__4fd4cafcb76e,saleor,R2,IA,yes,false
saleor__4fd4cafcb76e,saleor,R3,FA,yes,false
saleor__4fd4cafcb76e,saleor,R4,OTHER,yes,false
saleor__4fd4cafcb76e,saleor,R5,TA,yes,false
saleor__4fd4cafcb76e,saleor,R6,TA,yes,false
saleor__4fd4cafcb76e,saleor,R7,OTHER,uncertain,true
saleor__5089ee09bfc4,saleor,R1,TA,yes,false
saleor__5089ee09bfc4,saleor,R2,AR,yes,false
saleor__528981c53ef2,saleor,R1,TA,yes,false
saleor__528981c53ef2,saleor,R2,TA,yes,false
saleor__528981c53ef2,saleor,R3,TA,yes,false
saleor__528981c53ef2,saleor,R4,TA,yes,false
saleor__5d167e6cfb7d,saleor,R1,FA,yes,false
saleor__5d167e6cfb7d,saleor,R2,AR,yes,false
saleor__5d167e6cfb7d,saleor,R3,TA,yes,false
saleor__5d167e6cfb7d,saleor,R4,AR,yes,false
saleor__5d167e6cfb7d,saleor,R5,AR,yes,false
saleor__5da406cc86f0,saleor,R1,FA,yes,false
saleor__5da406cc86f0,saleor,R2,AR,yes,false
saleor__5da406cc86f0,saleor,R3,TA,yes,false
saleor__74ddcc2cd861,saleor,R1,TA,yes,false
saleor__74ddcc2cd861,saleor,R2,TA,yes,false
saleor__74ddcc2cd861,saleor,R3,TA,yes,false
saleor__74ddcc2cd861,saleor,R4,FA,yes,false
saleor__7d6c231fbcee,saleor,R1,FA,yes,false
saleor__7d6c231fbcee,saleor,R2,AR,yes,false
saleor__7d6c231fbcee,saleor,R3,TA,yes,false
saleor__7d6c231fbcee,saleor,R4,IA,yes,false
saleor__7d6c231fbcee,saleor,R5,AR,yes,false
saleor__7d6c231fbcee,saleor,R6,OTHER,no,false
saleor__7d6c231fbcee,saleor,R7,TA,yes,false
saleor__7d6c231fbcee,saleor,R8,TA,yes,false
saleor__7d6c231fbcee,saleor,R9,TA,yes,false
saleor__7d6c231fbcee,saleor,R10,TA,no,false
saleor__85b021c89701,saleor,R1,FA,yes,false
saleor__85b021c89701,saleor,R2,IA,yes,false
saleor__85b021c89701,saleor,R3,unresolved,yes,true
saleor__85b021c89701,saleor,R4,unresolved,yes,true
saleor__85b021c89701,saleor,R5,unresolved,yes,true
saleor__85b021c89701,saleor,R6,unresolved,yes,true
saleor__85b021c89701,saleor,R7,unresolved,yes,true
saleor__85b021c89701,saleor,R8,unresolved,yes,true
saleor__85b021c89701,saleor,R9,unresolved,yes,true
saleor__85b021c89701,saleor,R10,unresolved,yes,true
saleor__85b021c89701,saleor,R11,unresolved,yes,true
saleor__85b021c89701,saleor,R12,unresolved,yes,true
saleor__85b021c89701,saleor,R13,unresolved,yes,true
saleor__85b021c89701,saleor,R14,unresolved,yes,true
saleor__85b021c89701,saleor,R15,unresolved,yes,true
saleor__85b021c89701,saleor,R16,unresolved,yes,true
saleor__85b021c89701,saleor,R17,unresolved,yes,true
saleor__85b021c89701,saleor,R18,unresolved,yes,true
saleor__85b021c89701,saleor,R19,unresolved,yes,true
saleor__85b021c89701,saleor,R20,unresolved,yes,true
saleor__898f59365f5c,saleor,R1,TA,yes,false
saleor__898f59365f5c,saleor,R2,TA,yes,false
saleor__898f59365f5c,saleor,R3,TA,yes,false
saleor__898f59365f5c,saleor,R4,TA,yes,false
saleor__898f59365f5c,saleor,R5,TA,yes,false
saleor__898f59365f5c,saleor,R6,TA,yes,false
saleor__898f59365f5c,saleor,R7,TA,yes,false
saleor__898f59365f5c,saleor,R8,TA,yes,false
saleor__898f59365f5c,saleor,R9,TA,yes,false
saleor__898f59365f5c,saleor,R10,FA,yes,false
saleor__898f59365f5c,saleor,R11,TA,yes,false
saleor__9ead5c85b9f7,saleor,R1,TA,yes,false
saleor__9ead5c85b9f7,saleor,R2,TA,yes,false
saleor__a11d1fc587f5,saleor,R1,TA,yes,false
saleor__a11d1fc587f5,saleor,R2,TA,yes,false
saleor__a11d1fc587f5,saleor,R3,TA,yes,false
saleor__a11d1fc587f5,saleor,R4,TA,yes,false
saleor__a11d1fc587f5,saleor,R5,TA,yes,false
saleor__a11d1fc587f5,saleor,R6,TA,yes,false
saleor__a11d1fc587f5,saleor,R7,TA,yes,false
saleor__a11d1fc587f5,saleor,R8,FA,no,false
saleor__a11d1fc587f5,saleor,R9,FA,yes,false
saleor__a8d230e6f347,saleor,R1,OTHER,no,false
saleor__ae64c2e14023,saleor,R1,TA,yes,false
saleor__ae64c2e14023,saleor,R2,AR,yes,false
saleor__ae64c2e14023,saleor,R3,FA,yes,false
saleor__ae64c2e14023,saleor,R4,FA,yes,false
saleor__ae64c2e14023,saleor,R5,AR,yes,false
saleor__ae64c2e14023,saleor,R6,IA,yes,false
saleor__ae64c2e14023,saleor,R7,TA,yes,false
saleor__b40069f18b17,saleor,R1,IA,yes,false
saleor__b40069f18b17,saleor,R2,FA,yes,false
saleor__b57c5df7bb3f,saleor,R1,TA,yes,false
saleor__b57c5df7bb3f,saleor,R2,TA,yes,false
saleor__b57c5df7bb3f,saleor,R3,TA,yes,false
saleor__b95e0e1c23b5,saleor,R1,TA,yes,false
saleor__b95e0e1c23b5,saleor,R2,TA,yes,false
saleor__c144958dce49,saleor,R1,TA,yes,false
saleor__ceecc475a28d,saleor,R1,FA,no,false
saleor__d20d8e473cdb,saleor,R1,TA,yes,false
saleor__d20d8e473cdb,saleor,R2,TA,yes,false
saleor__d58248463d96,saleor,R1,TA,yes,false
saleor__d58248463d96,saleor,R2,TA,yes,false
saleor__daad1c7fe4f3,saleor,R1,FA,yes,false
saleor__de5fad7fe972,saleor,R1,TA,yes,false
saleor__e42358a62dc1,saleor,R1,FA,yes,false
saleor__e42358a62dc1,saleor,R2,TA,yes,false
saleor__e42358a62dc1,saleor,R3,TA,yes,false
saleor__e43020a8d21f,saleor,R1,FA,yes,false
saleor__ebf66c6a071d,saleor,R1,TA,yes,false
saleor__ebf66c6a071d,saleor,R2,TA,yes,false
saleor__ebf66c6a071d,saleor,R3,TA,no,false
saleor__f011a9f5119c,saleor,R1,AR,yes,false
saleor__f43b2841a210,saleor,R1,AR,yes,false
saleor__f43b2841a210,saleor,R2,TA,yes,false
saleor__f7d1a7aca5d7,saleor,R1,TA,yes,false
strapi__0b6cbcd409cb,strapi,R1,TA,yes,false
strapi__0b6cbcd409cb,strapi,R2,TA,yes,false
strapi__0b6cbcd409cb,strapi,R3,TA,yes,false
strapi__0b6cbcd409cb,strapi,R4,TA,yes,false
strapi__0b6cbcd409cb,strapi,R5,TA,yes,false
strapi__0b6cbcd409cb,strapi,R6,TA,yes,false
strapi__0b6cbcd409cb,strapi,R7,TA,yes,false
strapi__0b6cbcd409cb,strapi,R8,TA,yes,false
strapi__0b6cbcd409cb,strapi,R9,TA,yes,false
strapi__0b6cbcd409cb,strapi,R10,TA,yes,false
strapi__0b6cbcd409cb,strapi,R11,TA,yes,false
strapi__0b6cbcd409cb,strapi,R12,TA,yes,false
strapi__0b6cbcd409cb,strapi,R13,TA,yes,false
strapi__0b6cbcd409cb,strapi,R14,TA,yes,false
strapi__0b6cbcd409cb,strapi,R15,TA,yes,false
strapi__0b6cbcd409cb,strapi,R16,OTHER,no,false
strapi__0b6cbcd409cb,strapi,R17,FA,no,false
strapi__0b6cbcd409cb,strapi,R18,TA,yes,false
strapi__161eac9943dc,strapi,R1,TA,yes,false
strapi__161eac9943dc,strapi,R2,FA,yes,false
strapi__161eac9943dc,strapi,R3,OTHER,yes,false
strapi__5e4ede06fb2d,strapi,R1,TA,yes,false
strapi__5e4ede06fb2d,strapi,R2,TA,yes,false
strapi__5e4ede06fb2d,strapi,R3,TA,yes,false
strapi__73569f4520d2,strapi,R1,TA,yes,false
strapi__74569616d6fc,strapi,R1,TA,yes,false
strapi__74569616d6fc,strapi,R2,TA,yes,false
strapi__74569616d6fc,strapi,R3,TA,yes,false
strapi__7850ae1d9078,strapi,R1,TA,yes,false
strapi__7850ae1d9078,strapi,R2,FA,yes,false
strapi__7a376c5187b8,strapi,R1,TA,yes,false
strapi__7a376c5187b8,strapi,R2,TA,yes,false
strapi__88ec45fea990,strapi,R1,AR,yes,false
strapi__8ac03f90ad91,strapi,R1,TA,yes,false
strapi__8ac03f90ad91,strapi,R2,TA,yes,false
strapi__8ac03f90ad91,strapi,R3,TA,yes,false
strapi__9c4d6409b2d8,strapi,R1,TA,yes,false
strapi__a9e68a17b9ab,strapi,R1,TA,yes,false
strapi__a9e68a17b9ab,strapi,R2,TA,yes,false
strapi__a9e68a17b9ab,strapi,R3,TA,yes,false
strapi__a9e68a17b9ab,strapi,R4,TA,yes,false
strapi__a9e68a17b9ab,strapi,R5,TA,yes,false
strapi__a9e68a17b9ab,strapi,R6,TA,yes,false
strapi__a9e68a17b9ab,strapi,R7,TA,yes,false
strapi__a9e68a17b9ab,strapi,R8,TA,yes,false
strapi__b6c1376f714e,strapi,R1,TA,no,false
strapi__b6c1376f714e,strapi,R2,TA,yes,false
strapi__b6c1376f714e,strapi,R3,TA,yes,false
strapi__b6c1376f714e,strapi,R4,TA,yes,false
strapi__b6c1376f714e,strapi,R5,TA,yes,false
strapi__b6c1376f714e,strapi,R6,TA,yes,false
strapi__b6c1376f714e,strapi,R7,TA,yes,false
strapi__b6c1376f714e,strapi,R8,TA,yes,false
strapi__b6c1376f714e,strapi,R9,TA,yes,false
strapi__b6c1376f714e,strapi,R10,TA,yes,false
strapi__b929317beae3,strapi,R1,TA,yes,false
strapi__c901080c4b02,strapi,R1,TA,no,false
strapi__c901080c4b02,strapi,R2,TA,no,false
strapi__c901080c4b02,strapi,R3,TA,yes,false
strapi__c901080c4b02,strapi,R4,TA,yes,false
strapi__c901080c4b02,strapi,R5,TA,yes,false
strapi__c901080c4b02,strapi,R6,TA,yes,false
strapi__c901080c4b02,strapi,R7,TA,yes,false
strapi__c901080c4b02,strapi,R8,TA,yes,false
strapi__c901080c4b02,strapi,R9,TA,yes,false
strapi__c901080c4b02,strapi,R10,TA,no,false
strapi__c901080c4b02,strapi,R11,TA,no,false
strapi__c901080c4b02,strapi,R12,OTHER,no,false
strapi__cab26117683f,strapi,R1,TA,yes,false
strapi__cab26117683f,strapi,R2,TA,yes,false
strapi__cab26117683f,strapi,R3,TA,yes,false
strapi__cab26117683f,strapi,R4,TA,yes,false
strapi__e384740693e0,strapi,R1,AR,yes,false
strapi__e4d6d1fa99d2,strapi,R1,TA,yes,false
strapi__fac079537c4b,strapi,R1,TA,yes,false
strapi__fac079537c4b,strapi,R2,TA,yes,false
strapi__fac079537c4b,strapi,R3,TA,yes,false
supabase__5494f1c356ac,supabase,R1,AR,yes,false
supabase__5494f1c356ac,supabase,R2,TA,yes,false
supabase__5494f1c356ac,supabase,R3,OTHER,yes,false
supabase__5494f1c356ac,supabase,R4,TA,no,false
supabase__5494f1c356ac,supabase,R5,OTHER,no,false
typebot__03c173da80c1,typebot,R1,TA,yes,false
typebot__03c173da80c1,typebot,R2,TA,yes,false
typebot__03c173da80c1,typebot,R3,TA,yes,false
typebot__0f8f568e88ef,typebot,R1,AR,yes,false
typebot__0f8f568e88ef,typebot,R2,TA,yes,false
typebot__0f8f568e88ef,typebot,R3,TA,yes,false
typebot__0f8f568e88ef,typebot,R4,OTHER,no,false
typebot__21e09472b69e,typebot,R1,TA,yes,false
typebot__21e09472b69e,typebot,R2,TA,yes,false
typebot__21e09472b69e,typebot,R3,TA,yes,false
typebot__23416779fad3,typebot,R1,IA,yes,false
typebot__23416779fad3,typebot,R2,IA,yes,false
typebot__2e69608a3666,typebot,R1,OTHER,yes,false
typebot__35a585820ef8,typebot,R1,OTHER,no,false
typebot__35a585820ef8,typebot,R2,OTHER,no,false
typebot__36ad04161231,typebot,R1,IA,yes,false
typebot__36ad04161231,typebot,R2,OTHER,no,false
typebot__50cdf2db8e54,typebot,R1,TA,yes,false
typebot__5f2a6e18715f,typebot,R1,TA,yes,false
typebot__89af2196a05b,typebot,R1,AR,yes,false
typebot__89af2196a05b,typebot,R2,OTHER,yes,false
typebot__8caf6e33425a,typebot,R1,TA,yes,false
typebot__8caf6e33425a,typebot,R2,TA,yes,false
typebot__8caf6e33425a,typebot,R3,TA,yes,false
typebot__8caf6e33425a,typebot,R4,TA,yes,false
typebot__8caf6e33425a,typebot,R5,TA,yes,false
typebot__8caf6e33425a,typebot,R6,TA,yes,false
typebot__8caf6e33425a,typebot,R7,TA,yes,false
typebot__b2a8fd47b3b1,typebot,R1,IA,yes,false
typebot__b2a8fd47b3b1,typebot,R2,AR,yes,false
typebot__b2a8fd47b3b1,typebot,R3,AR,yes,false
typebot__b2a8fd47b3b1,typebot,R4,OTHER,no,false
typebot__b2a8fd47b3b1,typebot,R5,OTHER,yes,false
typebot__b2a8fd47b3b1,typebot,R6,AR,yes,false
typebot__b2a8fd47b3b1,typebot,R7,OTHER,uncertain,true
typebot__b2a8fd47b3b1,typebot,R8,OTHER,uncertain,true
typebot__b2a8fd47b3b1,typebot,R9,OTHER,no,false
typebot__bef0549a690c,typebot,R1,IA,yes,false
typebot__bef0549a690c,typebot,R2,TA,yes,false
typebot__bef0549a690c,typebot,R3,OTHER,yes,false
typebot__cbf0b26ca9ca,typebot,R1,IA,yes,false
typebot__cbf0b26ca9ca,typebot,R2,IA,yes,false
typebot__cbf0b26ca9ca,typebot,R3,OTHER,yes,false
typebot__ce2fa5b5c3df,typebot,R1,AR,yes,false
typebot__ce2fa5b5c3df,typebot,R2,AR,yes,false
typebot__ce2fa5b5c3df,typebot,R3,TA,yes,false
typebot__ce2fa5b5c3df,typebot,R4,TA,yes,false
typebot__ce2fa5b5c3df,typebot,R5,OTHER,yes,false
typebot__e63fed753ac5,typebot,R1,IA,yes,false
typebot__e63fed753ac5,typebot,R2,OTHER,no,false
typebot__e63fed753ac5,typebot,R3,OTHER,no,false
typebot__f6e8bab38904,typebot,R1,IA,yes,false
typebot__f6e8bab38904,typebot,R2,OTHER,no,false
typebot__f7aa0c0f71d0,typebot,R1,TA,yes,false
typebot__f7aa0c0f71d0,typebot,R2,TA,yes,false
typebot__f7aa0c0f71d0,typebot,R3,TA,yes,false
typebot__f7aa0c0f71d0,typebot,R4,TA,yes,false
typebot__f7aa0c0f71d0,typebot,R5,TA,yes,false
typebot__f7aa0c0f71d0,typebot,R6,TA,yes,false
typebot__f7aa0c0f71d0,typebot,R7,TA,yes,false
vendure__1f571e06eb2e,vendure,R1,TA,yes,false
vendure__1f571e06eb2e,vendure,R2,TA,yes,false
vendure__1f571e06eb2e,vendure,R3,TA,yes,false
vendure__1f571e06eb2e,vendure,R4,TA,no,false
vendure__1f571e06eb2e,vendure,R5,TA,yes,false
vendure__1f571e06eb2e,vendure,R6,TA,yes,false
vendure__7cadeff6bbb1,vendure,R1,TA,yes,false
vendure__7cadeff6bbb1,vendure,R2,TA,yes,false
vendure__8536f6be58a9,vendure,R1,TA,yes,false
vendure__8536f6be58a9,vendure,R2,TA,yes,false
vendure__8c85fd9909f6,vendure,R1,TA,yes,false
vendure__8c85fd9909f6,vendure,R2,TA,yes,false
vendure__8c85fd9909f6,vendure,R3,TA,yes,false
vendure__8c85fd9909f6,vendure,R4,TA,yes,false
vendure__8c85fd9909f6,vendure,R5,TA,yes,false
vendure__8c85fd9909f6,vendure,R6,TA,yes,false
vendure__8c85fd9909f6,vendure,R7,TA,yes,false
vendure__8c85fd9909f6,vendure,R8,TA,yes,false
vendure__8c85fd9909f6,vendure,R9,TA,yes,false
vendure__8de0011be91d,vendure,R1,TA,yes,false
vendure__aa0d3fe78e06,vendure,R1,IA,yes,false
vendure__dc705b45caa2,vendure,R1,TA,yes,false
vendure__e3880fdb3764,vendure,R1,TA,yes,false
vendure__e3880fdb3764,vendure,R2,TA,yes,false
vendure__e3880fdb3764,vendure,R3,TA,yes,false
vendure__e3880fdb3764,vendure,R4,TA,yes,false
vendure__edfab755a24f,vendure,R1,TA,yes,false
vendure__edfab755a24f,vendure,R2,TA,yes,false
vendure__edfab755a24f,vendure,R3,TA,yes,false
vendure__edfab755a24f,vendure,R4,TA,yes,false
vendure__edfab755a24f,vendure,R5,TA,yes,false
documenso__306a5155bd12,documenso,R1,TA,yes,false
documenso__306a5155bd12,documenso,R2,TA,yes,false
documenso__306a5155bd12,documenso,R3,TA,yes,false
documenso__306a5155bd12,documenso,R4,TA,yes,false
documenso__306a5155bd12,documenso,R5,TA,yes,false
documenso__306a5155bd12,documenso,R6,TA,yes,false
documenso__306a5155bd12,documenso,R7,TA,yes,false
documenso__306a5155bd12,documenso,R8,TA,no,false
documenso__306a5155bd12,documenso,R9,TA,yes,false
documenso__306a5155bd12,documenso,R10,TA,yes,false
documenso__306a5155bd12,documenso,R11,TA,yes,false
documenso__306a5155bd12,documenso,R12,TA,yes,false
documenso__306a5155bd12,documenso,R13,TA,yes,false
supabase__42451f2250ea,supabase,R1,TA,yes,false
supabase__42451f2250ea,supabase,R2,TA,yes,false
supabase__42451f2250ea,supabase,R3,TA,yes,false
supabase__42451f2250ea,supabase,R4,TA,yes,false
supabase__42451f2250ea,supabase,R5,TA,yes,false
cal.com__fb57dd2b0722,cal.com,R7,OTHER,no,false
formbricks__9fddd4dd44da,formbricks,R5,FA,no,false
